index_x,statefips,countyfips,avghouseholdsize,geography,index_y,avganncount,avgdeathsperyear,target_deathrate,incidencerate,medincome,popest2015,povertypercent,studypercap,binnedinc,medianage,medianagemale,medianagefemale,percentmarried,pctnohs18_24,pcths18_24,pctsomecol18_24,pctbachdeg18_24,pcths25_over,pctbachdeg25_over,pctemployed16_over,pctunemployed16_over,pctprivatecoverage,pctprivatecoveragealone,pctempprivcoverage,pctpubliccoverage,pctpubliccoveragealone,pctwhite,pctblack,pctasian,pctotherrace,pctmarriedhouseholds,birthrate,state
171,4,1,3.67,"Apache County, Arizona",2733,186.0,95,142.1,269.9,32366,71474,33.1,307.8042365,"[22640, 34218.1]",33.4,32.3,34.4,34.8,25.8,39.1,34.0,1.1,33.4,6.9,34.5,18.2,31.5,24.7,22.4,50.8,38.8,23.2405302,0.6128334529999999,0.427042316,1.056513782,40.00103778,6.518302323,Arizona
172,4,3,2.42,"Cochise County, Arizona",2734,583.0,267,154.6,350.1,45025,126427,18.7,0.0,"(42724.4, 45201]",40.0,38.2,41.8,50.4,17.9,37.9,,4.4,23.4,14.5,42.3,8.7,64.7,37.2,27.0,43.5,20.5,80.02036299,3.874366549,1.679174991,7.288251946,49.64669739,5.457360828,Arizona
173,4,5,2.7,"Coconino County, Arizona",2735,399.0,130,119.8,348.4,48653,139097,21.3,50.32459363,"(48021.6, 51046.4]",30.8,30.7,31.0,41.2,9.7,26.3,,7.1,21.3,19.5,58.9,8.8,61.1,47.2,38.6,29.8,17.8,62.81592673,1.563265814,1.658363874,3.577150131,44.86582724,5.030073987,Arizona
174,4,7,2.5,"Gila County, Arizona",2736,290.0,147,163.3,339.2,37677,53159,24.4,0.0,"(37413.8, 40362.7]",48.6,47.4,50.1,50.9,25.0,38.2,,2.4,30.0,9.7,41.4,12.8,52.0,31.3,26.9,52.7,29.4,79.1441738,0.722279695,0.6000188089999999,1.958055111,48.17064422,6.179351922,Arizona
175,4,9,3.02,"Graham County, Arizona",2737,137.0,60,174.0,395.7,46046,37666,20.0,0.0,"(45201, 48021.6]",32.0,32.5,31.7,45.7,20.8,30.0,47.6,1.6,32.9,8.1,42.4,14.1,55.7,42.9,38.7,41.9,28.4,77.04440345,2.090517818,0.644264442,3.980538402,52.38616662,9.188988095,Arizona
176,4,11,2.78,"Greenlee County, Arizona",2739,32.0,14,161.2,364.5,59416,9529,10.3,0.0,"(54545.6, 61494.5]",33.0,32.5,34.0,49.6,26.6,30.8,41.2,1.4,37.5,8.2,49.7,10.0,69.6,54.5,52.0,29.5,14.7,89.36052311,1.540507592,0.443311537,3.479995567,48.67971420000001,7.95730228,Arizona
177,4,12,2.14,"La Paz County, Arizona",2740,129.0,54,126.1,332.0,32533,20152,22.8,0.0,"[22640, 34218.1]",54.8,54.8,54.9,54.1,26.3,40.4,33.3,0.0,36.6,6.4,37.0,11.2,50.3,23.7,20.9,62.2,31.3,73.92672732,0.196705188,0.82616179,8.984509466,46.56700481,4.686489981,Arizona
178,4,13,2.75,"Maricopa County, Arizona",2741,15470.0,5780,146.6,401.4,53929,4167947,17.1,177.54544380000002,"(51046.4, 54545.6]",35.6,34.5,36.8,47.1,16.7,30.5,,8.3,23.0,19.5,58.4,7.7,63.1,51.4,44.1,31.4,19.8,79.58076654,5.2210436510000005,3.78901398,6.188306389,47.03650145,5.392191187000001,Arizona
179,4,15,2.43,"Mohave County, Arizona",2742,1424.0,672,196.6,444.9,37704,204737,20.8,161.182395,"(37413.8, 40362.7]",49.2,48.3,50.0,49.5,25.7,40.3,,2.8,35.7,7.6,39.5,13.2,50.5,30.1,25.0,52.9,29.2,89.04564275,1.127054219,1.227859679,2.935159961,48.43873713,4.575797025,Arizona
180,4,17,3.08,"Navajo County, Arizona",2743,370.0,167,146.8,325.3,35457,108277,28.5,0.0,"(34218.1, 37413.8]",35.7,34.5,37.0,45.0,30.7,36.4,,0.6,29.5,9.0,39.7,19.8,40.1,28.3,24.1,52.7,37.8,48.40046073,0.669725793,0.585197295,3.4127220030000003,46.90732222,7.96636424,Arizona
181,4,19,2.49,"Pima County, Arizona",2744,4415.0,1916,155.5,379.1,45871,1010025,18.7,202.9652731,"(45201, 48021.6]",38.0,36.5,39.7,44.9,15.3,27.6,,7.6,22.8,17.7,52.6,10.0,61.0,,38.9,38.5,22.9,77.88384406,3.617592538,2.753828852,8.566632984,43.51071966,5.501557741,Arizona
182,4,21,2.87,"Pinal County, Arizona",2745,1342.0,558,133.5,330.9,49876,406584,17.6,19.67613089,"(48021.6, 51046.4]",37.6,36.9,38.5,49.9,28.3,36.3,,2.2,30.1,11.7,44.3,10.6,61.6,,40.7,39.5,22.8,79.37255626,4.606282647,1.718440524,5.529386411,54.21202361,5.719536436,Arizona
183,4,23,3.04,"Santa Cruz County, Arizona",2746,149.0,68,132.8,296.2,37465,46461,23.6,0.0,"(37413.8, 40362.7]",36.5,33.5,38.9,53.1,25.2,27.5,41.4,5.9,25.3,14.6,49.1,11.3,49.5,32.7,28.0,44.6,27.9,79.75484885,0.350519406,0.989951777,17.06498417,53.67536949,6.643259725,Arizona
184,4,25,2.3,"Yavapai County, Arizona",2747,1373.0,595,156.6,389.4,44145,222255,15.6,112.4834087,"(42724.4, 45201]",51.3,49.9,52.7,53.5,20.9,29.5,,4.6,25.6,16.1,44.6,10.0,59.7,37.4,29.1,48.0,23.3,91.62438193,0.594918424,0.879182948,2.712550232,50.73231503,4.975284763,Arizona
185,4,27,2.77,"Yuma County, Arizona",2748,752.0,291,126.8,343.0,39700,204275,22.6,44.05825479999999,"(37413.8, 40362.7]",33.8,32.3,35.8,55.7,20.3,32.0,,2.8,25.0,9.4,46.1,13.1,51.6,37.7,31.3,41.5,26.3,77.14139329,2.11836226,1.297620045,15.68327036,57.69758915,6.284513402999999,Arizona
186,6,1,2.78,"Alameda County, California",584,6282.0,2236,147.7,413.4,76996,1638215,12.5,262.4808099,"(61494.5, 125635]",37.1,36.2,38.1,47.8,10.9,24.5,,15.2,18.5,25.0,60.8,8.3,70.7,60.4,52.8,27.9,16.6,44.70445424,11.6646677,27.70092802,8.286461117,48.34346322,5.014712267,California
188,6,5,2.36,"Amador County, California",585,279.0,105,166.6,469.8,54610,37001,12.9,0.0,"(54545.6, 61494.5]",50.0,47.9,52.6,52.2,21.5,38.2,,2.6,27.0,14.7,39.3,14.0,69.7,,39.7,44.7,19.4,86.51439384,2.311123125,1.454250574,4.119475605,55.32495512,3.698558778,California
189,6,7,2.55,"Butte County, California",586,1296.0,500,178.7,489.2,42302,225411,21.9,70.98145166,"(40362.7, 42724.4]",36.8,35.2,39.1,42.4,8.5,25.0,,7.9,22.6,17.5,48.9,12.1,58.5,42.9,35.9,42.3,24.0,83.30547618,1.432846282,4.309322262,3.278607502,42.75182259,5.545831589,California
190,6,9,2.45,"Calaveras County, California",587,298.0,116,157.4,413.9,53321,44828,13.7,0.0,"(51046.4, 54545.6]",50.7,50.0,51.4,55.5,15.0,35.3,,6.3,27.6,14.4,43.0,12.1,66.6,44.3,36.8,43.4,19.2,92.05441508,0.5830187410000001,0.897982889,1.188375366,54.85049834,2.851375221,California
191,6,11,3.04,"Colusa County, California",588,84.0,32,153.3,400.2,48006,21482,14.3,0.0,"(45201, 48021.6]",34.0,33.1,35.0,55.1,14.2,41.9,,2.7,21.7,11.4,55.3,10.4,48.9,,29.6,42.3,30.9,85.00654328,0.7057393909999999,1.958309964,7.61357263,57.56531726,6.602564103,California
192,6,13,2.82,"Contra Costa County, California",590,5182.0,1744,151.5,456.3,80338,1126745,10.5,332.81709700000005,"(61494.5, 125635]",38.8,37.5,40.1,51.5,12.7,29.5,,10.6,18.7,25.2,58.9,8.8,73.2,60.0,52.5,28.4,14.9,60.52598926,8.88065339,15.25589653,8.13681268,53.83079507,5.114550334,California
193,6,15,2.55,"Del Norte County, California",591,142.0,60,185.4,431.6,41419,27254,22.4,0.0,"(40362.7, 42724.4]",38.8,37.2,44.5,40.8,21.9,40.3,,2.9,29.1,9.4,38.3,11.5,50.4,35.0,30.8,51.9,31.8,76.46466099999999,2.886137901,2.159205412,4.167266446,42.03821656,9.278553175,California
194,6,17,2.69,"El Dorado County, California",592,1038.0,342,151.5,458.6,70235,184452,11.4,92.16489927,"(61494.5, 125635]",44.9,43.8,45.7,55.8,11.3,39.1,,6.7,21.8,20.8,,11.1,74.8,57.6,48.7,31.5,14.0,86.7100877,0.980817494,3.953474324,3.742593071,58.91095012,4.76817356,California
195,6,19,3.17,"Fresno County, California",593,3367.0,1260,152.8,412.6,43338,974861,27.5,82.06298129,"(42724.4, 45201]",31.4,30.5,32.3,44.2,17.4,27.7,,4.8,22.8,13.0,52.8,13.2,49.4,39.2,34.2,43.1,30.8,59.623893,5.069145617,9.77257358,20.2889159,46.81324986,6.004383506,California
196,6,21,2.92,"Glenn County, California",594,135.0,51,165.2,443.4,43755,28017,17.1,0.0,"(42724.4, 45201]",37.2,35.6,38.5,51.4,23.6,27.2,,5.5,29.6,10.7,49.2,12.6,52.7,40.1,34.1,41.2,26.3,85.25812551,0.966855757,2.479574726,6.564629491,50.81604717,6.12741125,California
197,6,23,2.47,"Humboldt County, California",595,696.0,273,177.4,459.5,40581,135727,21.0,7.367730813,"(40362.7, 42724.4]",37.4,36.6,38.3,41.4,9.3,25.7,58.5,6.5,25.2,18.5,52.3,10.5,55.1,,33.3,41.4,24.2,81.32840618,1.27079106,2.6385947240000003,3.561325296,40.60826608,5.240578994,California
198,6,25,3.61,"Imperial County, California",596,606.0,207,130.3,387.9,38737,180191,23.6,0.0,"(37413.8, 40362.7]",32.2,31.0,33.6,44.2,23.6,27.5,,2.7,21.9,9.9,43.9,17.4,45.1,37.9,34.4,43.4,29.9,70.87584032,2.902259183,1.550452847,18.56503148,51.56720916,7.022539697999999,California
199,6,27,2.23,"Inyo County, California",597,111.0,40,138.1,408.4,49267,18260,14.0,0.0,"(48021.6, 51046.4]",45.7,44.5,47.7,46.8,9.7,42.5,,2.1,30.9,14.7,55.8,6.8,65.9,47.4,43.0,39.8,18.5,82.73009307,1.066782779,1.328035705,1.578403091,40.26643207,4.535082715,California
200,6,29,3.21,"Kern County, California",598,2899.0,1078,161.3,419.5,47451,882176,24.5,47.6095473,"(45201, 48021.6]",31.1,30.5,31.7,46.5,19.7,36.6,,3.7,27.3,10.3,51.3,12.7,51.8,42.5,37.8,40.1,29.5,74.69748284,5.662349722999999,4.568367262,10.47189905,50.96534463,6.627706717000001,California
201,6,31,3.19,"Kings County, California",996,479.0,163,147.7,409.3,44490,150965,24.9,0.0,"(42724.4, 45201]",31.4,32.2,30.4,44.3,20.3,30.7,45.7,3.3,24.8,9.7,,13.0,55.9,45.5,36.6,37.6,25.7,68.40421727,6.223261235,3.709982914,15.65384972,50.93372479,6.638754179,California
202,6,33,2.34,"Lake County, California",997,416.0,176,190.6,460.1,36333,64591,24.3,0.0,"(34218.1, 37413.8]",45.5,44.4,46.8,45.4,19.5,35.1,,3.7,28.3,10.8,43.7,14.6,47.6,31.0,25.3,50.6,28.4,79.60971352,2.247576296,1.287446616,9.948876212,40.38824881,6.718511986,California
203,6,35,2.24,"Lassen County, California",998,123.0,54,169.9,365.7,49995,31345,19.4,0.0,"(48021.6, 51046.4]",37.0,34.7,44.2,43.5,32.0,34.0,,1.2,28.8,8.1,32.2,10.9,66.6,49.6,45.0,38.6,20.3,74.88129882,8.543421657,1.510185327,7.802113647,51.50922015,7.549668874,California
204,6,37,3.02,"Los Angeles County, California",999,38150.0,14010,148.4,405.5,55686,10170292,18.7,255.9415207,"(54545.6, 61494.5]",35.6,34.4,36.8,42.4,15.3,27.0,47.9,9.9,20.7,19.8,58.0,10.0,55.0,47.4,39.7,32.9,23.0,53.25871046,8.276139555,14.12938014,19.59152207,44.58164997,4.70528099,California
205,6,39,3.35,"Madera County, California",1000,611.0,212,147.5,420.3,43171,154998,22.3,109.6788346,"(42724.4, 45201]",33.5,32.2,34.5,47.6,27.9,29.8,,2.2,25.1,9.4,45.9,7.5,45.8,34.9,30.4,46.9,33.1,81.65314289,3.468309974,2.122895546,7.926912858,56.07405176,6.972732187999999,California
206,6,41,2.41,"Marin County, California",1001,1625.0,483,135.2,475.0,94549,261221,8.8,421.0993756,"(61494.5, 125635]",45.4,43.7,46.9,51.8,14.3,25.9,,13.6,11.8,31.4,61.2,5.7,78.4,,48.8,28.9,12.5,79.3182865,2.548103534,5.682623118,7.669083294,50.02315038,5.448237058999999,California
207,6,43,2.29,"Mariposa County, California",1002,116.0,43,147.6,396.8,47781,17531,16.2,0.0,"(45201, 48021.6]",50.6,50.6,50.6,58.2,25.7,28.8,,8.0,28.5,13.8,48.2,11.6,68.6,48.3,42.9,41.3,18.6,87.56534937,1.07931868,1.298555287,2.636460734,55.46630361,9.589041096,California
208,6,45,2.51,"Mendocino County, California",1003,513.0,197,167.5,452.2,42840,87649,18.8,79.86400301,"(42724.4, 45201]",42.2,40.6,44.0,45.1,17.0,35.1,,3.3,26.5,15.7,52.1,12.2,49.3,35.1,27.5,49.2,31.5,82.82920589,0.668235402,1.938453806,5.441834963,43.24014463,5.383139601,California
209,6,47,3.32,"Merced County, California",1004,877.0,343,162.9,415.9,43818,268455,24.8,29.80015273,"(42724.4, 45201]",30.4,29.6,31.0,45.8,13.8,29.0,53.5,3.6,24.8,8.7,49.8,16.2,48.0,38.4,33.2,44.4,32.3,61.17475415,3.4181556360000003,7.542679576,22.65191277,50.89713227,6.3936915160000005,California
210,6,49,2.32,"Modoc County, California",1005,57.0,24,160.8,408.6,39172,8965,20.2,111.5448968,"(37413.8, 40362.7]",47.8,47.6,48.2,52.1,36.7,37.3,,3.4,26.1,13.2,43.9,8.6,50.8,31.0,27.7,50.3,28.4,90.17857143,0.511759582,1.088850174,1.045296167,50.97463284,8.313253012,California
211,6,51,2.82,"Mono County, California",1006,45.0,13,102.1,320.8,59181,13909,11.3,0.0,"(54545.6, 61494.5]",38.5,40.2,36.1,42.2,7.7,37.1,30.2,25.0,16.8,23.1,61.1,13.4,56.7,,36.3,29.7,17.3,84.08030539,0.55139262,1.095716103,8.772797964,47.18711781,1.991310644,California
212,6,53,3.26,"Monterey County, California",1009,1601.0,551,140.8,413.6,57428,433898,17.0,73.75005186,"(54545.6, 61494.5]",33.5,32.8,34.3,46.3,20.9,27.3,46.7,5.1,20.8,14.2,54.3,8.4,55.6,,37.5,35.1,23.1,73.30694308,2.7884819610000005,6.086018845,12.75344797,51.74558619,5.921976696000001,California
213,6,55,2.74,"Napa County, California",1010,815.0,298,170.2,488.9,71063,142456,9.0,182.5124951,"(61494.5, 125635]",40.3,39.0,41.7,50.9,15.2,30.8,48.2,5.7,19.3,21.6,60.7,7.5,71.8,,48.0,30.4,14.4,74.06821341,2.09843544,7.710182116,11.55493781,53.12765184,4.941095375,California
214,6,57,2.38,"Nevada County, California",1011,628.0,227,144.9,423.9,57118,98877,11.4,182.0443581,"(54545.6, 61494.5]",49.0,47.5,50.5,53.6,13.4,28.8,,5.2,20.2,21.6,49.9,9.8,66.7,,35.1,39.1,17.3,92.36887491,0.487978087,1.435528051,1.705387035,51.86251311,4.079089924,California
215,6,59,3.04,"Orange County, California",1012,12694.0,4410,143.8,418.6,76061,3169776,12.9,145.7516241,"(61494.5, 125635]",37.1,35.8,38.4,50.1,11.5,27.0,,11.2,17.7,24.4,60.9,7.6,65.0,56.3,47.4,27.9,18.3,63.22067964,1.662864333,18.94508754,11.8168115,54.60626758,4.827807522,California
216,6,61,2.67,"Placer County, California",1013,1948.0,686,153.4,460.5,75689,375391,8.3,407.5750351,"(61494.5, 125635]",41.0,39.7,42.2,55.6,10.7,31.2,,7.4,19.4,24.5,55.8,8.3,78.2,61.9,53.6,27.6,11.3,83.64393359999998,1.415037676,6.680135416000001,2.91853227,56.72986062,4.433234709,California
217,6,63,2.26,"Plumas County, California",1014,134.0,53,167.2,420.3,47964,18409,14.0,0.0,"(45201, 48021.6]",51.3,50.3,52.0,53.0,10.0,27.4,62.6,0.0,23.9,13.3,44.7,15.2,62.3,40.6,33.5,44.5,20.7,90.1191606,0.65380154,0.938521565,1.471053464,48.99598394,4.06430088,California
218,6,65,3.24,"Riverside County, California",1015,8857.0,3377,154.6,414.5,56877,2361026,17.1,57.17853171,"(54545.6, 61494.5]",34.5,33.5,35.5,48.4,15.7,36.2,,4.7,25.8,13.4,52.4,12.9,56.3,46.8,40.1,35.0,24.2,64.61041448,6.265186908,6.185118397,17.45632785,53.80374468,5.475268467,California
219,6,67,2.76,"Sacramento County, California",1016,6346.0,2389,168.9,452.0,55803,1501335,18.1,239.1205161,"(54545.6, 61494.5]",35.5,34.2,36.8,45.0,13.9,29.5,,7.2,22.3,19.1,55.3,11.8,63.2,,45.4,35.2,21.6,59.58677393,9.957416675,15.04162824,6.8865327,44.78928273,5.384470827,California
220,6,69,3.33,"San Benito County, California",1017,216.0,75,150.4,433.0,68166,58792,14.1,102.0547013,"(61494.5, 125635]",35.0,34.2,35.7,51.0,10.5,38.1,,5.1,24.4,13.4,60.1,12.2,64.5,54.1,48.4,31.2,20.5,84.53185538,0.780096252,2.66344667,6.939208089,59.57669496,6.536926147999999,California
221,6,71,3.33,"San Bernardino County, California",1018,7241.0,2778,168.0,423.1,51951,2128133,20.4,62.02619855,"(51046.4, 54545.6]",32.5,31.4,33.6,45.4,16.0,33.6,44.5,6.0,26.2,12.3,52.3,12.6,54.4,46.6,41.2,35.7,26.1,62.15406089999999,8.549248151,6.678254261,17.03872838,51.29451023,6.0076214420000005,California
222,6,73,2.86,"San Diego County, California",1020,13294.0,4895,157.1,434.9,66034,3299521,14.7,139.1111013,"(61494.5, 125635]",35.1,33.7,36.5,47.2,10.9,32.2,,9.6,19.0,22.1,56.7,8.7,66.6,55.5,44.6,28.4,16.8,70.85169042,5.0658124980000006,11.45023294,6.707308749,49.61783364,4.953958986,California
223,6,75,2.32,"San Francisco County, California",1021,3948.0,1387,145.1,428.9,83788,864816,12.1,445.1814027,"(61494.5, 125635]",38.5,38.4,38.6,38.8,5.9,18.2,47.2,28.7,12.7,32.6,64.7,6.8,72.0,,52.1,27.8,15.0,48.727287,5.569345939,33.82950962,6.468886,33.90671041,3.673722996,California
224,6,77,3.16,"San Joaquin County, California",1022,2718.0,1065,168.9,432.1,51527,726106,20.7,60.59721308,"(51046.4, 54545.6]",33.5,32.4,34.6,47.9,18.7,30.8,,5.0,26.4,12.5,52.7,13.7,57.2,47.1,41.7,37.7,25.8,57.00214804,7.093743032000001,14.78546448,11.69212227,51.85212235,6.148432797999999,California
225,6,79,2.51,"San Luis Obispo County, California",1023,1459.0,520,149.4,443.7,61775,281401,14.5,156.36049619999997,"(61494.5, 125635]",39.3,37.1,41.5,48.2,6.3,20.1,66.4,7.2,19.7,20.8,54.0,6.6,71.9,55.9,45.6,30.3,13.9,85.00670845,2.054846537,3.662342641,5.069127757,50.36688036,4.076692166,California
226,6,81,2.85,"San Mateo County, California",1024,3648.0,1186,140.0,447.0,100806,765135,7.5,218.2621367,"(61494.5, 125635]",39.5,38.2,40.8,51.9,11.7,25.5,,16.2,16.5,27.1,64.1,6.7,76.0,63.8,55.7,25.8,13.2,54.97635332,2.596259538,26.55813637,9.447451755,53.65425415,5.015576324,California
227,6,83,2.92,"Santa Barbara County, California",1025,1912.0,664,142.3,433.0,62116,444769,17.4,229.33252990000005,"(61494.5, 125635]",33.6,32.4,35.0,44.9,11.1,19.2,,9.5,17.7,19.2,58.4,8.0,63.2,49.6,39.7,31.9,19.2,74.28381324,2.002294367,5.163014799,13.26786739,48.7159544,4.603274095,California
228,6,85,2.95,"Santa Clara County, California",1026,7334.0,2355,135.0,420.0,97219,1918044,8.5,410.3138406000001,"(61494.5, 125635]",36.8,35.9,37.8,53.2,10.6,25.8,,16.8,15.2,26.1,61.9,7.7,74.1,,57.3,24.8,14.2,48.30471231,2.585982167,33.76090451,9.834279814,56.30311056,5.541784514,California
229,6,87,2.72,"Santa Cruz County, California",1027,1225.0,396,145.4,450.4,64257,274146,16.1,83.89690165,"(61494.5, 125635]",37.0,35.9,38.3,44.9,8.5,21.9,,8.7,15.5,23.2,59.4,7.6,68.3,56.0,45.6,29.9,17.8,80.54538432,0.941406279,4.403256115,8.990337124,47.95784899,4.539151472,California
230,6,89,2.54,"Shasta County, California",1028,1108.0,465,192.0,478.8,43661,179533,14.7,5.570006628,"(42724.4, 45201]",42.2,40.2,43.9,49.1,12.0,27.5,,6.3,25.8,12.8,47.9,10.3,56.4,40.4,33.2,44.8,25.5,86.76051458,0.999206447,2.646108795,2.281744923,48.00288288,3.958736974,California
231,6,91,2.38,"Sierra County, California",1029,16.0,9,158.0,312.8,47293,2967,13.8,0.0,"(45201, 48021.6]",54.5,54.4,55.1,52.4,40.7,39.8,,0.0,34.5,14.8,42.4,8.0,58.8,36.3,31.2,49.0,25.5,96.42502483,0.0993048659999999,0.033101622,0.3972194639999999,51.91693291,2.073732719,California
232,6,93,2.26,"Siskiyou County, California",1031,290.0,133,192.6,430.4,38641,43554,21.1,160.7200257,"(37413.8, 40362.7]",47.8,45.9,49.0,52.1,13.9,35.9,,6.0,24.9,15.5,44.8,12.7,53.4,34.6,28.7,50.9,28.7,85.94828568,1.41473972,1.57648935,1.496753617,47.95902368,4.740349554,California
233,6,95,2.89,"Solano County, California",1032,2017.0,744,176.7,472.3,67106,436092,12.3,392.1190941,"(61494.5, 125635]",37.3,35.9,38.7,46.8,14.7,32.5,,6.5,23.8,17.6,55.3,11.4,69.2,,47.6,32.4,18.1,53.81430078,13.90759431,15.06037538,8.719844605,50.104448100000006,5.163792425,California
234,6,97,2.59,"Sonoma County, California",1033,2647.0,962,163.1,463.4,66949,502146,11.3,213.0854373,"(61494.5, 125635]",40.8,39.2,42.6,47.2,13.2,28.0,,6.4,19.9,21.4,59.5,8.1,69.2,,45.1,32.1,16.7,77.25732107,1.561572116,3.890498063,10.93019686,46.97095568,5.065070552,California
235,6,99,3.08,"Stanislaus County, California",1034,2075.0,793,164.9,433.4,50917,538388,18.1,105.8716019,"(48021.6, 51046.4]",33.5,32.3,34.8,47.9,12.2,37.0,46.7,4.0,28.3,11.0,52.3,15.2,54.7,44.9,39.7,39.8,27.7,75.29481367,2.718220897,5.415583455,10.658990800000002,51.06740112,6.025884863,California
236,6,101,2.95,"Sutter County, California",1035,386.0,155,155.1,395.8,51827,96463,15.2,0.0,"(51046.4, 54545.6]",35.4,34.1,36.4,53.0,18.9,31.9,,4.5,24.8,12.1,51.6,13.2,54.5,,35.0,41.4,26.9,69.56439573,2.151248858,14.74482136,6.138776023999999,53.34461259,6.71564894,California
237,6,103,2.63,"Tehama County, California",1036,372.0,139,174.0,473.2,40782,63308,18.2,0.0,"(40362.7, 42724.4]",40.5,39.3,42.0,51.4,14.8,45.1,,1.8,30.5,9.6,46.6,13.2,53.1,37.9,32.5,47.8,28.0,86.44381809,0.508297441,1.28103623,4.609513555,50.75092811,4.096971483,California
238,6,105,2.38,"Trinity County, California",1037,98.0,41,189.4,455.5,34961,13069,19.9,0.0,"(34218.1, 37413.8]",50.3,50.1,50.5,53.8,23.7,50.1,,10.6,31.0,15.0,42.2,9.0,44.8,,24.7,49.5,30.2,85.32116952,1.129140806,1.50302849,3.5594107530000003,48.08533917,1.470588235,California
239,6,107,3.36,"Tulare County, California",1038,1436.0,564,155.2,391.5,42360,459863,28.1,0.0,"(40362.7, 42724.4]",30.3,29.6,30.9,47.5,21.1,33.5,,3.3,25.2,9.5,52.5,12.0,43.1,35.2,31.6,46.3,35.0,80.86791048,1.728068224,3.397770647,9.105505547,52.4099723,6.825864335,California
240,6,109,2.28,"Tuolumne County, California",1039,412.0,142,159.9,490.8,49476,53709,14.3,18.61885345,"(48021.6, 51046.4]",48.6,46.4,51.1,51.8,16.7,28.6,,3.5,29.7,13.7,42.3,12.9,64.0,,36.3,46.2,21.3,88.05636199,1.832504299,1.377614231,3.08437656,50.57606289,3.962223187,California
241,6,111,3.08,"Ventura County, California",1040,3629.0,1234,146.1,432.7,74967,850536,11.5,43.50197993,"(61494.5, 125635]",37.1,35.8,38.4,50.6,13.7,27.4,,7.9,19.0,20.0,60.4,8.6,66.8,55.8,47.3,29.1,17.1,78.82112144,1.7914377769999998,7.077267424,7.154571716,55.71050939,5.34009399,California
242,6,113,2.77,"Yolo County, California",1042,760.0,282,158.9,428.2,54509,213016,19.5,117.3620761,"(51046.4, 54545.6]",30.9,30.5,31.4,43.1,6.0,23.9,56.7,13.3,19.7,19.7,55.4,9.0,70.5,,49.3,27.6,16.2,66.08576114,2.609010226,13.66197183,10.78188308,46.42554551,4.109357003,California
243,6,115,2.87,"Yuba County, California",1043,291.0,116,182.8,444.6,41403,74492,21.6,255.0609461,"(40362.7, 42724.4]",32.1,31.0,33.2,49.5,15.2,35.5,43.7,5.6,25.0,9.9,46.4,14.8,52.1,,30.7,44.9,29.8,70.08728570000001,3.344363196,7.1857510520000005,10.01947247,50.52309161,7.98203179,California
308,9,1,2.76,"Fairfield County, Connecticut",1408,5047.0,1524,142.0,489.0,85336,948053,9.0,146.6162757,"(61494.5, 125635]",39.7,38.1,41.1,50.8,14.8,27.7,,17.4,22.6,25.7,62.4,9.0,71.9,59.9,52.7,27.3,15.7,73.91591125,11.24307567,5.042431618,6.946614992000001,53.23821488,4.6466817030000005,Connecticut
309,9,3,2.51,"Hartford County, Connecticut",1409,5129.0,1741,157.5,486.8,65809,895841,12.2,222.1376338,"(61494.5, 125635]",40.1,38.2,41.7,46.8,14.0,26.6,,14.2,27.1,20.5,60.7,9.3,71.3,58.1,53.3,33.4,19.5,72.63181718,13.39795282,4.791051382,5.702146067,46.28481184,5.248472648,Connecticut
310,9,5,2.46,"Litchfield County, Connecticut",1410,1190.0,389,151.2,480.9,73413,183603,7.7,92.59107967,"(61494.5, 125635]",46.0,44.8,47.1,53.8,11.7,33.4,,13.7,29.3,19.5,63.8,7.1,75.8,,54.2,30.7,15.5,93.51382686,1.517412401,1.808871522,1.281776022,53.68635766,3.812301967,Connecticut
311,9,7,2.4,"Middlesex County, Connecticut",1411,1021.0,339,154.9,488.8,76365,164063,7.9,115.8091709,"(61494.5, 125635]",44.2,43.1,45.5,52.2,9.2,31.0,,11.7,26.8,22.2,64.2,6.0,80.1,65.4,59.3,27.2,12.7,88.98798172,5.07553053,2.759664578,0.931190022,52.46457038,4.041212898,Connecticut
312,9,9,2.56,"New Haven County, Connecticut",1412,5021.0,1788,169.0,500.1,60387,859470,13.0,250.1541648,"(54545.6, 61494.5]",39.8,38.1,41.1,44.7,12.6,29.9,44.0,13.5,30.2,18.4,59.9,9.5,69.1,56.4,50.8,34.3,20.6,75.01240977,12.84109466,3.895391453,5.554589063,45.04306379,4.240824844,Connecticut
313,9,11,2.45,"New London County, Connecticut",1413,1573.0,534,162.6,490.4,65813,271863,11.1,367.8323273,"(61494.5, 125635]",40.7,38.7,42.5,48.7,8.7,37.2,,10.8,31.2,17.7,59.5,8.3,74.1,,49.9,33.7,17.5,81.46860186,5.61707268,4.157622124,3.186119296,48.23231138,4.5783516660000005,Connecticut
314,9,13,2.49,"Tolland County, Connecticut",1414,754.0,239,152.3,471.5,78653,151420,7.5,6.604147405,"(61494.5, 125635]",38.1,36.5,39.6,46.8,5.1,21.1,,8.3,27.4,21.4,63.1,6.8,81.8,68.9,63.2,24.6,11.8,89.16273988,3.127385685,3.936215021,1.3688893569999998,53.2505921,2.555885972,Connecticut
315,9,15,2.53,"Windham County, Connecticut",1415,569.0,229,172.2,431.4,57547,116573,10.3,0.0,"(54545.6, 61494.5]",40.4,39.2,41.6,46.9,9.1,29.0,,7.3,34.3,13.9,61.5,9.3,68.9,55.1,50.9,36.2,21.0,90.30901507,2.230356687,1.230101302,2.414233421,48.29027012,3.936336507,Connecticut
320,12,1,2.46,"Alachua County, Florida",1422,1031.0,426,182.4,447.8,44325,259964,21.6,115.4005939,"(42724.4, 45201]",30.8,29.9,31.8,37.7,5.5,13.7,,14.7,21.5,21.5,54.6,7.9,71.3,,47.3,25.2,13.2,69.86602049999999,19.89630947,5.656562478,0.946825166,38.96880138,3.204859373,Florida
321,12,3,3.0,"Baker County, Florida",1423,131.0,56,206.1,475.3,47121,27420,19.6,0.0,"(45201, 48021.6]",36.6,35.5,38.0,47.9,17.9,51.7,,7.6,43.8,7.5,48.2,8.9,64.3,52.1,46.1,32.6,19.4,83.46784596,14.51262207,0.597014925,0.814446287,56.27056673,5.915444937,Florida
322,12,5,2.54,"Bay County, Florida",1424,1003.0,395,191.5,501.1,44800,181635,15.6,16.51664052,"(42724.4, 45201]",39.8,38.3,41.0,49.0,19.6,32.1,,6.8,30.6,14.4,55.1,8.6,60.6,,32.1,36.3,19.6,82.06874134,10.76742343,2.033612199,0.616470776,47.33223403,5.729334092,Florida
323,12,7,2.72,"Bradford County, Florida",1425,147.0,72,209.9,434.4,39980,26928,22.6,0.0,"(37413.8, 40362.7]",39.6,36.8,44.9,39.5,27.5,32.8,,6.3,37.0,7.8,41.0,12.4,57.4,,35.4,38.7,20.6,77.59247695,20.04554972,0.404070088,0.139587849,45.24515393,2.467138524,Florida
324,12,9,2.46,"Brevard County, Florida",1426,3721.0,1571,181.2,464.8,47973,568088,14.5,51.04842912,"(45201, 48021.6]",46.6,45.1,47.9,48.6,15.3,29.9,,7.9,28.8,16.9,49.6,10.9,64.2,45.5,38.0,38.1,18.3,83.0508444,10.28087523,2.307840987,1.237736885,47.33045769,4.967904974,Florida
325,12,11,2.73,"Broward County, Florida",1427,8954.0,3397,157.6,438.3,51485,1896425,14.5,216.723572,"(51046.4, 54545.6]",40.0,38.6,41.1,43.1,17.1,29.4,44.8,8.7,27.6,19.8,59.8,10.0,58.4,49.6,40.2,29.4,19.1,62.61746183,27.83747624,3.4990060510000003,2.985809092,43.04294896,4.663810807,Florida
326,12,13,2.64,"Calhoun County, Florida",1429,68.0,32,174.7,381.9,35256,14462,22.3,0.0,"(34218.1, 37413.8]",40.5,39.7,42.3,44.6,16.9,45.8,36.6,0.8,37.5,8.2,40.1,10.0,49.0,33.5,28.3,43.5,25.9,81.25213821,13.43140609,0.64317482,1.108450222,49.81187291,4.5,Florida
327,12,15,2.26,"Charlotte County, Florida",1430,1366.0,561,149.8,412.7,43242,173115,11.9,17.32952084,"(42724.4, 45201]",57.3,56.2,58.0,55.8,23.5,37.8,34.0,4.7,34.9,13.1,38.8,10.8,61.1,32.6,25.2,51.0,20.1,90.49902584,5.606123668,1.282399281,0.573038249,53.69071476,4.954881717,Florida
328,12,17,2.25,"Citrus County, Florida",1431,1269.0,557,184.3,452.5,36383,141058,20.1,42.53569454,"(34218.1, 37413.8]",55.4,54.4,56.1,54.6,24.1,42.3,,3.2,38.2,11.1,35.8,13.1,57.6,31.6,24.7,54.3,24.4,93.29127701,2.992395492,1.593939307,0.279977659,51.06536419,3.923080412,Florida
329,12,19,2.84,"Clay County, Florida",1432,935.0,357,182.6,471.3,58539,203967,10.9,88.24956978,"(54545.6, 61494.5]",39.0,37.6,40.0,53.4,16.0,35.4,,5.0,30.7,16.7,55.7,10.7,70.1,54.5,41.7,29.7,14.9,82.00864161,9.763596853,3.1663939780000003,1.06931014,56.88094652,3.920755108,Florida
330,12,21,2.59,"Collier County, Florida",1433,1869.0,756,123.2,346.3,58403,357305,14.3,50.37712878,"(54545.6, 61494.5]",48.5,46.7,50.2,54.4,19.2,38.9,36.1,5.7,26.7,19.8,,7.8,58.6,38.0,28.5,40.8,19.3,87.80061626,6.830142102999999,1.248933569,2.628624033,54.17744518,5.163886194,Florida
331,12,23,2.66,"Columbia County, Florida",1434,376.0,170,203.3,453.7,38484,68348,21.7,73.15503014,"(37413.8, 40362.7]",40.4,38.2,42.8,45.0,24.3,42.9,,1.5,36.1,9.0,46.1,14.8,53.8,39.4,33.2,43.2,25.5,77.20113264,17.92319264,0.800814087,0.95566764,45.64703897,4.905335628,Florida
332,12,27,2.78,"DeSoto County, Florida",1435,176.0,73,160.4,392.9,36945,35458,29.7,0.0,"(34218.1, 37413.8]",40.1,38.4,41.8,44.2,40.4,37.9,,1.6,40.9,6.8,43.2,9.4,39.1,,20.1,47.9,30.9,82.08084218,13.22767972,0.303229682,2.883542638,48.09574657,8.085035152,Florida
333,12,29,2.41,"Dixie County, Florida",1436,103.0,48,195.9,436.6,32121,16203,27.1,0.0,"[22640, 34218.1]",46.9,44.3,49.5,45.8,39.8,33.7,,3.4,41.0,6.1,36.6,7.2,43.8,29.5,24.6,50.4,28.7,88.10515195,8.799950283,0.745758499,0.118078429,47.2318625,5.828779599,Florida
334,12,31,2.58,"Duval County, Florida",1437,4383.0,1638,189.2,504.4,46013,913010,18.2,359.25126780000005,"(45201, 48021.6]",36.0,34.6,37.6,43.2,17.1,32.4,,8.9,28.6,18.7,57.9,10.0,63.5,50.9,41.7,32.0,19.3,61.47665866,29.39720863,4.356256449,1.135545818,41.79490974,5.094111629,Florida
335,12,33,2.53,"Escambia County, Florida",1438,1537.0,662,186.7,444.2,46139,311003,15.3,234.7244239,"(45201, 48021.6]",37.2,34.9,39.6,41.3,12.9,30.9,,6.7,28.9,16.4,52.4,9.4,65.5,48.2,36.3,35.0,18.2,68.96159986,21.60403752,2.893639803,1.201004156,41.92591941,4.387164057,Florida
336,12,35,2.71,"Flagler County, Florida",1440,698.0,300,174.6,444.8,51556,105392,11.6,0.0,"(51046.4, 54545.6]",49.6,48.1,50.5,54.2,21.4,38.6,,2.9,34.7,15.1,43.7,9.3,61.9,41.9,36.5,42.2,17.9,81.41253981,11.21220841,2.366470536,2.779238562,57.66982409,4.063558218,Florida
337,12,37,2.24,"Franklin County, Florida",1441,66.0,34,216.2,412.0,36788,11761,25.3,0.0,"(34218.1, 37413.8]",42.1,39.1,48.7,49.8,37.6,20.3,,1.4,35.4,10.1,43.9,9.4,52.8,34.1,28.7,43.3,20.9,81.99174407,14.55108359,0.7567939459999999,0.4557963539999999,50.50714615,4.934210526,Florida
338,12,39,2.53,"Gadsden County, Florida",1442,224.0,101,184.7,403.4,35849,46036,25.6,0.0,"(34218.1, 37413.8]",40.2,38.8,41.2,39.6,24.7,34.3,,3.7,34.6,10.4,45.1,11.2,53.7,39.2,34.6,40.5,24.8,40.57384112,54.7927796,0.480354989,2.571945545,39.47182268,4.18136909,Florida
339,12,41,2.54,"Gilchrist County, Florida",1443,85.0,48,209.2,383.8,40788,17199,19.8,0.0,"(40362.7, 42724.4]",42.0,36.5,45.8,47.3,39.5,34.9,23.7,2.0,38.8,7.7,44.8,10.4,50.2,37.2,33.3,40.2,22.5,91.59016008,6.10287194,0.476694915,0.258945386,52.06077259,6.283213504,Florida
340,12,43,3.04,"Glades County, Florida",1444,68.0,28,135.3,354.9,38783,13670,21.1,0.0,"(37413.8, 40362.7]",45.3,42.5,48.0,44.3,38.6,23.6,,0.2,44.5,5.8,33.3,12.9,47.1,27.7,24.1,47.5,24.1,79.87492465,13.02742616,0.421940928,1.672694394,51.65816327,1.600365798,Florida
341,12,45,2.52,"Gulf County, Florida",1445,89.0,39,189.1,434.7,38419,15871,23.1,0.0,"(37413.8, 40362.7]",43.3,41.3,46.2,44.8,29.4,34.7,,3.7,34.7,11.5,41.0,10.2,58.7,42.2,34.0,37.2,18.9,77.94741844,17.97275895,1.6724738680000002,0.4117833389999999,50.17760329,4.887361588,Florida
342,12,47,2.35,"Hamilton County, Florida",1446,56.0,32,188.4,336.8,31734,14295,31.7,0.0,"[22640, 34218.1]",40.5,36.1,45.6,39.3,36.9,44.4,18.7,0.0,37.4,7.2,33.1,15.8,49.7,35.3,29.4,47.8,28.4,60.72247308,34.09517193,0.347342827,2.181312956,44.32593857,7.14920071,Florida
343,12,49,3.33,"Hardee County, Florida",1447,119.0,47,161.9,422.3,35371,27502,29.9,0.0,"(34218.1, 37413.8]",34.8,33.2,36.4,43.9,34.8,45.9,,0.9,41.1,7.4,45.3,11.0,36.5,,21.8,48.7,34.9,82.55060434,7.965632736,0.182029999,7.259356342,52.29719086,6.773043626000001,Florida
344,12,51,3.18,"Hendry County, Florida",1448,138.0,60,163.7,370.1,38494,39119,25.3,0.0,"(37413.8, 40362.7]",33.8,32.3,34.8,45.5,30.6,29.9,,1.2,32.2,6.3,51.2,11.9,38.0,31.3,26.7,37.4,27.2,73.78724292,12.00114694,0.980111044,9.162474259,48.00352578,7.09833795,Florida
345,12,53,2.45,"Hernando County, Florida",1449,1300.0,567,178.1,447.5,40094,178439,15.3,16.81246813,"(37413.8, 40362.7]",48.7,46.9,50.0,52.4,14.5,40.5,,4.5,37.5,10.6,40.1,13.7,55.7,,28.9,47.9,25.8,89.94216545,5.380157772,1.088044666,1.210463992,51.03190825,5.381697487,Florida
346,12,55,2.39,"Highlands County, Florida",1451,769.0,335,161.6,413.7,35787,99491,19.5,0.0,"(34218.1, 37413.8]",52.1,50.2,54.0,54.0,33.0,34.0,,1.4,36.3,10.7,37.6,13.3,53.2,27.8,21.6,54.6,25.3,83.03941909,9.559840534,1.504149378,3.765966968,51.71176077,5.119076848,Florida
347,12,57,2.64,"Hillsborough County, Florida",1452,6000.0,2154,168.9,474.5,50758,1349050,16.8,386.938957,"(48021.6, 51046.4]",36.6,35.5,37.6,45.1,16.0,28.6,45.6,9.8,27.3,19.5,58.8,9.0,61.2,,42.8,31.1,19.7,71.13081441,16.63501893,3.691272592,4.938275395,44.25647736,4.752577535,Florida
348,12,59,2.6,"Holmes County, Florida",1453,67.0,50,191.5,259.6,35651,19324,26.7,0.0,"(34218.1, 37413.8]",42.1,40.0,45.1,48.4,28.0,34.5,,4.5,36.9,7.3,38.1,15.4,47.8,33.9,25.4,45.0,26.2,89.05016552,6.9875222820000005,0.371785078,0.621339445,53.30990041,5.39241858,Florida
349,12,61,2.44,"Indian River County, Florida",1454,1056.0,472,167.3,430.4,47548,147919,14.7,27.04182695,"(45201, 48021.6]",50.7,48.7,52.2,51.7,22.4,36.2,36.1,5.3,30.3,16.4,44.2,12.2,59.5,35.6,27.6,45.1,20.6,86.17375723,9.246426722,1.192026094,1.493007434,49.97492434,5.3960741720000005,Florida
351,12,65,2.17,"Jefferson County, Florida",1455,74.0,35,173.5,367.9,40205,14081,18.0,0.0,"(37413.8, 40362.7]",45.3,42.6,48.8,46.3,29.2,24.8,,1.8,31.5,11.9,40.9,9.4,64.3,46.2,40.9,40.6,19.9,60.91703057,36.17410903,0.0,1.676292436,47.51432268,5.135032332,Florida
352,12,67,2.81,"Lafayette County, Florida",1456,34.0,19,208.1,380.1,38071,8663,25.6,0.0,"(37413.8, 40362.7]",36.4,34.5,40.2,43.0,37.1,40.7,,2.1,36.7,7.8,37.6,14.6,51.7,39.0,30.8,36.6,22.6,77.320759,18.13430292,0.068174071,3.033746165,54.47252306,7.845659164,Florida
353,12,69,2.57,"Lake County, Florida",1457,2251.0,879,171.3,474.6,46895,325875,13.8,30.68661297,"(45201, 48021.6]",46.4,45.1,47.6,54.9,21.4,33.3,,6.3,33.5,14.3,47.6,9.7,62.7,43.1,36.6,41.4,20.3,83.35592685,9.76168933,1.777106591,2.179926005,55.18108863,5.546022599,Florida
354,12,71,2.59,"Lee County, Florida",1458,3895.0,1519,142.1,400.1,49147,701982,16.0,279.20943839999995,"(48021.6, 51046.4]",46.9,45.6,48.2,50.4,20.7,32.7,,6.0,31.6,16.2,47.6,10.1,57.6,38.7,31.1,41.4,20.9,84.54122876,8.636004068,1.594003089,3.223113723,50.79532437,4.725806822,Florida
355,12,73,2.43,"Leon County, Florida",1459,950.0,369,155.8,390.5,45463,286272,23.3,38.42499441,"(45201, 48021.6]",30.0,29.1,30.7,37.8,6.7,15.4,,12.9,19.0,25.3,59.7,10.6,74.0,61.8,52.2,24.1,12.8,62.22626705,31.12709408,3.224358521,0.866968262,37.82864464,3.782242355,Florida
356,12,75,2.53,"Levy County, Florida",1461,296.0,139,232.0,496.9,37433,39832,21.2,0.0,"(37413.8, 40362.7]",46.6,45.4,48.0,48.5,22.0,36.1,,2.9,40.9,7.0,44.1,11.1,46.7,30.8,25.0,47.8,26.3,87.34587278,9.148439266,0.4947138439999999,0.323949675,47.36401134,6.101525381,Florida
357,12,77,2.77,"Liberty County, Florida",1462,32.0,17,220.4,391.5,38473,8331,24.7,0.0,"(37413.8, 40362.7]",37.6,36.7,39.4,41.8,27.1,30.9,,5.6,43.5,6.8,39.6,10.2,53.4,41.0,36.1,35.2,20.3,77.97468354,16.52802893,0.807715491,2.688366486,47.55445952,8.315256688,Florida
358,12,79,2.52,"Madison County, Florida",1463,70.0,41,166.9,293.5,33017,18408,27.7,0.0,"[22640, 34218.1]",41.5,39.5,44.2,43.3,33.2,28.6,,0.4,39.0,6.9,40.0,11.8,51.6,32.8,26.2,45.2,24.6,58.04367558,38.71002189,0.240269101,1.083880613,46.93075295,11.91053624,Florida
359,12,81,2.52,"Manatee County, Florida",1464,2013.0,823,146.7,399.1,51673,363369,14.1,19.26416398,"(51046.4, 54545.6]",46.7,45.2,48.2,52.0,20.2,37.9,,6.3,30.7,16.8,49.5,8.6,61.1,,33.2,39.8,19.3,84.61927856,9.281439739,1.835457584,2.572084404,51.46038226,4.574507344,Florida
360,12,83,2.48,"Marion County, Florida",1465,2696.0,1089,183.4,490.1,39860,343254,17.8,107.7918975,"(37413.8, 40362.7]",48.2,46.6,49.6,49.5,23.4,37.4,,4.4,36.6,11.7,41.1,12.0,54.1,33.8,27.3,47.9,25.2,81.68230848,12.91466134,1.502029328,1.2939007340000002,49.44098815,5.222619682,Florida
361,12,85,2.39,"Martin County, Florida",1466,1068.0,446,146.5,409.8,55472,156283,12.1,102.3783777,"(54545.6, 61494.5]",50.7,49.0,52.4,51.1,18.6,32.9,,8.0,26.1,19.8,47.3,9.7,64.9,43.8,34.2,40.6,17.8,87.11028723,5.595503543,1.114218991,4.081511485,50.7538094,5.3549237430000005,Florida
362,12,86,3.08,"Miami-Dade County, Florida",1467,11495.0,4052,137.3,408.0,42754,2693117,20.4,164.8647274,"(42724.4, 45201]",39.0,37.5,40.5,40.7,15.4,29.1,46.9,8.6,28.5,17.1,56.0,10.0,46.4,41.2,32.5,32.0,21.8,75.75059434,18.6422952,1.58659847,2.425501375,43.27147205,4.3722279980000005,Florida
363,12,87,2.55,"Monroe County, Florida",1468,420.0,181,168.5,394.6,57411,77482,14.0,25.81244676,"(54545.6, 61494.5]",46.8,46.5,47.1,45.8,15.0,32.8,,6.6,27.9,19.2,58.5,6.0,59.2,43.5,29.6,31.5,15.2,89.10027536,6.54800332,1.013161882,1.082989684,46.08439986,4.966521485,Florida
364,12,89,2.66,"Nassau County, Florida",1469,466.0,171,176.3,490.1,56728,78444,11.7,12.74794758,"(54545.6, 61494.5]",44.2,43.3,45.1,54.5,17.5,40.1,,5.3,35.5,15.1,50.9,9.8,66.2,49.1,38.9,33.7,16.0,90.39008962,6.425935687999999,0.882973115,0.4217185029999999,55.87154667,6.279473815,Florida
365,12,91,2.5,"Okaloosa County, Florida",1470,879.0,380,182.8,430.2,55952,198664,12.4,5.033624612,"(54545.6, 61494.5]",36.8,35.0,38.8,51.6,13.3,32.7,46.4,7.6,26.2,17.8,,6.9,69.8,,27.4,31.1,14.0,79.33280274,9.144961688,2.93231792,2.908389124,49.7916778,5.7172295360000005,Florida
366,12,93,2.77,"Okeechobee County, Florida",1472,216.0,101,203.3,440.9,37065,39469,25.9,0.0,"(34218.1, 37413.8]",39.9,39.2,41.2,45.8,36.9,35.2,25.5,2.4,37.0,7.0,42.0,11.8,43.9,30.0,25.3,46.5,29.2,85.42860782,9.007769711,0.96802955,2.741052095,48.67392304,4.691483937,Florida
367,12,95,2.75,"Orange County, Florida",1473,4568.0,1645,161.7,440.7,47069,1288126,18.2,271.7125499,"(45201, 48021.6]",34.4,33.4,35.3,42.8,11.9,25.1,,10.6,26.1,20.8,61.6,9.1,60.3,51.6,44.5,26.9,17.6,64.47102167,20.80926643,5.192105377,6.222178466,43.90160228,4.907650931,Florida
368,12,97,3.23,"Osceola County, Florida",1474,1081.0,413,155.6,407.5,42945,323993,19.3,33.9513508,"(42724.4, 45201]",35.7,34.2,37.2,46.4,19.4,33.1,,6.6,34.3,12.7,56.2,9.8,51.9,,36.5,34.0,23.1,75.69548309999999,11.32083624,2.6227274240000003,6.5496726160000005,51.46743486,5.718663567999999,Florida
369,12,99,2.54,"Palm Beach County, Florida",1475,8287.0,3265,144.3,422.3,52225,1422789,14.9,151.11165459999998,"(51046.4, 54545.6]",44.1,42.3,45.8,46.9,17.7,28.9,,8.8,25.5,21.1,54.3,9.5,60.5,45.8,36.5,35.5,19.5,74.98799686,17.97243412,2.503905553,2.180944963,45.443271200000005,5.134424767,Florida
370,12,101,2.53,"Pasco County, Florida",1476,3154.0,1281,176.4,470.7,45219,497909,14.7,62.26037288,"(45201, 48021.6]",44.4,43.3,45.5,51.1,16.3,37.0,,5.4,33.7,14.2,47.8,9.4,61.0,45.0,37.9,39.4,21.0,88.67778872,5.070229173,2.309258734,1.084525379,50.5624792,4.73813501,Florida
371,12,103,2.27,"Pinellas County, Florida",1477,5978.0,2528,165.0,430.8,45162,949827,15.2,184.2440781,"(42724.4, 45201]",47.1,45.6,48.5,44.2,16.2,32.4,,8.2,29.5,18.8,,8.4,61.3,46.5,38.5,37.1,20.0,82.64219084,10.32049101,3.170341297,0.998843772,40.13853119,4.507693163,Florida
372,12,105,2.77,"Polk County, Florida",1478,3846.0,1386,168.1,490.2,42768,650092,18.1,66.14448417,"(42724.4, 45201]",40.3,39.1,41.6,48.3,21.9,35.1,,4.5,36.2,12.8,49.2,10.6,55.7,42.0,35.9,40.2,24.1,78.76957152,15.07748821,1.6721559469999998,1.825345154,50.30287152,5.501541209,Florida
373,12,107,2.57,"Putnam County, Florida",1479,505.0,226,211.6,488.3,32054,72023,28.5,97.19117504,"[22640, 34218.1]",44.1,43.0,45.6,44.9,22.8,43.8,,0.6,38.8,7.7,41.3,12.6,45.1,30.2,24.2,47.8,28.5,77.76081215,16.46445472,0.605260262,2.865357104,43.61160279,4.330954196,Florida
374,12,109,2.62,"St. Johns County, Florida",1480,1072.0,381,149.9,441.8,66560,226640,8.2,30.88598659,"(61494.5, 125635]",42.7,41.8,43.8,55.4,12.7,31.9,46.0,9.4,21.2,27.6,56.8,6.7,75.5,60.0,49.2,27.5,11.9,89.31518563,5.399653197999999,2.267037222,0.508800684,57.17801166,3.253269113,Florida
375,12,111,2.64,"St. Lucie County, Florida",1481,1630.0,692,162.4,414.6,42722,298563,17.3,110.529436,"(40362.7, 42724.4]",43.9,42.6,45.0,49.1,21.8,32.6,,4.7,33.4,12.8,48.0,12.4,53.6,37.7,31.6,42.8,24.5,73.16305909999998,19.29994514,1.760032777,3.082227454,49.87210143,5.736951023,Florida
376,12,113,2.65,"Santa Rosa County, Florida",1483,708.0,314,190.7,426.5,58587,167040,11.2,0.0,"(54545.6, 61494.5]",39.5,38.0,41.2,54.8,16.2,37.6,,7.5,28.0,17.9,52.5,7.9,70.5,52.7,38.6,30.5,14.6,85.85898734,5.729687432,1.944466871,1.448258302,58.13925734,5.465692312000001,Florida
377,12,115,2.21,"Sarasota County, Florida",1484,3000.0,1247,146.4,410.8,52109,405549,10.8,199.7292559,"(51046.4, 54545.6]",54.0,52.2,55.5,53.5,14.6,38.9,,6.4,30.2,19.3,45.6,8.2,66.2,41.1,30.9,43.9,17.2,91.17611048,4.713573684,1.4631234730000002,0.7693131790000001,49.33984074,3.94772339,Florida
378,12,117,2.85,"Seminole County, Florida",1485,1940.0,729,160.8,427.8,56443,449144,11.8,22.26457439,"(54545.6, 61494.5]",39.1,37.1,40.5,46.6,11.2,24.9,53.6,10.2,24.1,23.6,59.4,9.4,67.8,57.1,47.7,26.3,15.0,79.60950826,11.57916158,4.155062582,1.696825854,50.37632996,4.236255854,Florida
379,12,119,2.05,"Sumter County, Florida",1486,1067.0,358,142.9,444.5,51907,118891,10.9,84.11065598,"(51046.4, 54545.6]",65.3,64.7,65.7,62.6,34.6,39.4,,2.5,30.6,16.3,22.1,9.0,66.6,,18.8,65.1,21.8,88.34112128,8.3418586,0.715200782,0.957594861,61.94550261,6.766413577000001,Florida
380,12,121,2.69,"Suwannee County, Florida",1487,240.0,120,198.7,421.4,38177,43760,23.7,0.0,"(37413.8, 40362.7]",41.6,40.5,43.6,47.7,29.0,40.8,,2.0,40.8,8.8,44.5,11.1,48.9,33.0,27.0,47.9,27.4,82.76407845,13.53595596,0.318843904,1.167565088,49.34500607,3.38904364,Florida
381,12,123,2.44,"Taylor County, Florida",1488,120.0,57,198.5,425.5,36374,22493,23.4,0.0,"(34218.1, 37413.8]",41.2,39.2,44.5,43.5,33.1,32.9,31.7,2.2,39.2,5.4,37.8,9.0,60.6,42.2,36.9,41.6,20.6,75.03195944,21.50319594,0.312982147,0.806700463,48.84944116,8.854568855,Florida
382,12,125,2.58,"Union County, Florida",1489,214.0,61,362.8,1206.9,40207,15234,24.3,0.0,"(37413.8, 40362.7]",40.3,42.3,36.9,36.4,27.0,45.1,,0.0,37.4,5.5,,11.7,59.6,49.2,41.0,35.8,22.5,73.96484761,21.59173195,0.64511882,1.53380291,50.01287664,3.739774055,Florida
383,12,127,2.46,"Volusia County, Florida",1490,3119.0,1430,178.3,422.4,40881,517887,17.7,96.54615775,"(40362.7, 42724.4]",46.3,44.5,47.9,46.4,15.7,29.5,,6.0,33.8,14.1,47.0,9.1,59.7,41.9,34.5,40.1,20.2,82.91686436,10.52888614,1.695389691,2.495835972,46.00309721,4.314909294,Florida
384,12,129,2.57,"Wakulla County, Florida",1491,143.0,63,209.3,456.7,51642,31535,15.1,0.0,"(51046.4, 54545.6]",40.0,39.5,40.3,46.0,27.3,32.8,,0.1,39.4,11.6,50.6,9.3,67.5,52.8,46.7,31.7,17.7,81.85877666,15.47481367,0.407992804,0.449755847,49.25638387,2.534634761,Florida
385,12,131,2.45,"Walton County, Florida",2652,296.0,124,165.7,409.2,46867,63508,15.8,0.0,"(45201, 48021.6]",43.6,42.4,45.1,51.6,22.0,35.9,,4.1,28.1,17.6,52.2,7.9,57.5,,29.1,37.8,20.9,86.92823642,5.17423975,1.267503824,2.961991696,50.4853129,6.476142726,Florida
386,12,133,2.66,"Washington County, Florida",2654,108.0,64,209.1,356.3,36482,24687,20.0,0.0,"(34218.1, 37413.8]",40.9,39.5,43.1,46.6,26.3,38.7,,0.0,41.3,6.7,41.0,11.5,54.0,37.0,30.6,47.8,27.0,79.65812659999999,15.17316984,0.138048642,0.665881684,50.38806694,5.908289242,Florida
546,15,1,2.9,"Hawaii County, Hawaii",2312,911.0,343,147.6,402.7,51887,196428,18.1,0.0,"(51046.4, 54545.6]",41.1,40.4,42.0,47.9,12.7,36.7,,6.4,31.9,17.3,53.5,8.1,63.9,49.2,43.6,40.9,25.6,33.38538348,0.691448805,21.97125578,2.082702291,47.97841594,6.030934113,Hawaii
547,15,3,3.06,"Honolulu County, Hawaii",2313,4646.0,1562,135.0,425.2,73985,998714,9.8,708.9116604,"(61494.5, 125635]",36.9,35.0,39.0,50.2,7.0,36.7,,9.1,26.4,21.6,57.5,5.6,79.2,58.9,47.3,30.0,13.8,21.73163798,2.63173938,42.61942454,0.915383193,52.71316077,6.457474102999999,Hawaii
549,15,7,3.07,"Kauai County, Hawaii",2314,326.0,130,149.4,392.2,58883,71735,12.3,655.1892382,"(54545.6, 61494.5]",41.6,40.3,43.0,51.8,7.1,43.3,,2.7,30.0,18.8,61.0,5.4,72.8,57.4,52.1,32.5,17.6,33.28837296,0.670100874,35.64018309,0.665796157,54.70653872,4.798813776,Hawaii
550,15,9,2.96,"Maui County, Hawaii",2315,734.0,247,139.9,418.3,64916,164637,13.1,103.2574695,"(61494.5, 125635]",40.0,38.7,40.9,50.2,12.0,45.5,,6.9,31.2,17.6,63.5,6.9,72.3,58.5,52.5,31.0,18.4,34.89180234,0.6191604039999999,27.45876926,0.870927435,50.79961843,6.34729556,Hawaii
1177,25,1,2.24,"Barnstable County, Massachusetts",895,1892.0,685,163.0,505.0,64150,214333,8.9,41.99073404,"(61494.5, 125635]",51.3,49.5,53.0,53.2,11.5,37.2,,10.9,24.9,23.0,55.8,7.0,74.2,49.5,43.3,44.1,18.9,92.77259901,2.59352039,1.4024566269999998,1.023905087,49.56310834,3.5211809030000003,Massachusetts
1178,25,3,2.22,"Berkshire County, Massachusetts",896,860.0,313,157.0,464.3,49890,127828,13.0,125.16819479999998,"(48021.6, 51046.4]",45.8,44.4,47.1,45.6,13.5,27.9,,9.3,31.7,17.8,57.4,8.9,70.7,51.6,46.4,44.0,22.6,91.822907,2.798403564,1.517542231,1.222077842,43.45582911,4.573604784,Massachusetts
1179,25,5,2.53,"Bristol County, Massachusetts",1094,3168.0,1154,173.9,496.2,57732,556772,12.4,39.51348128,"(54545.6, 61494.5]",40.6,39.2,41.8,46.5,12.9,33.2,,10.8,30.2,16.6,59.9,9.0,70.5,,51.1,39.1,21.9,87.14168640000001,3.698691844,2.072316707,4.169237087,46.67333242,4.63936694,Massachusetts
1180,25,7,2.79,"Dukes County, Massachusetts",1095,113.0,37,160.0,497.3,61259,17299,9.0,0.0,"(54545.6, 61494.5]",45.9,44.9,47.3,47.2,6.7,25.2,,22.5,23.1,25.1,62.2,5.2,70.5,,43.6,34.8,19.9,92.60910371,3.320037541,0.786015955,0.99718442,53.40436158,3.227665706,Massachusetts
1181,25,9,2.59,"Essex County, Massachusetts",1096,4431.0,1477,161.5,507.1,70074,776043,10.7,73.44953823,"(61494.5, 125635]",40.6,38.9,42.2,48.6,14.7,32.0,,13.4,26.2,22.3,62.5,7.7,71.6,57.0,52.0,37.2,21.4,79.79692321,3.912684313,3.4547404000000004,10.18211715,48.51378199,4.825363357,Massachusetts
1182,25,11,2.3,"Franklin County, Massachusetts",1097,387.0,149,153.9,413.9,53953,70601,12.0,84.98463195,"(51046.4, 54545.6]",45.1,43.8,46.6,47.6,12.9,32.2,43.0,11.8,27.1,18.8,62.6,6.7,73.6,55.2,50.4,40.1,19.0,93.88423479,1.295963117,1.626279096,0.833520747,44.84802331,3.4587535560000005,Massachusetts
1183,25,13,2.57,"Hampden County, Massachusetts",1098,2371.0,1004,180.0,442.9,49072,470690,17.7,31.86810852,"(48021.6, 51046.4]",38.6,36.7,40.4,42.2,17.5,30.0,,8.1,30.8,15.6,56.8,10.0,62.7,48.3,45.0,46.4,29.2,78.64375129999999,8.657147558,2.108789615,7.831578857,41.87394008,4.653517654,Massachusetts
1184,25,15,2.36,"Hampshire County, Massachusetts",1099,715.0,291,164.4,415.4,57737,161292,15.0,18.59980656,"(54545.6, 61494.5]",35.9,35.2,36.5,39.6,4.6,10.7,,7.8,24.2,21.6,60.6,7.2,79.7,65.4,57.6,29.5,15.3,88.78880809,2.712756362,5.265646091,0.8279474240000001,44.85169961,2.489937484,Massachusetts
1185,25,17,2.56,"Middlesex County, Massachusetts",1100,7861.0,2722,159.6,473.1,84026,1585139,8.9,49.20704115,"(61494.5, 125635]",38.5,37.1,39.9,50.2,9.2,26.6,,22.2,21.1,26.2,65.5,6.1,80.7,67.6,60.8,27.2,13.9,79.05310401,4.882669415,10.49960286,2.388125307,51.20807592,4.75120604,Massachusetts
1186,25,19,2.62,"Nantucket County, Massachusetts",1101,64.0,16,146.9,572.8,82596,10925,7.1,0.0,"(61494.5, 125635]",39.5,38.0,40.4,49.2,19.8,22.7,,11.7,25.4,26.2,72.4,3.0,74.0,58.4,42.0,32.5,17.1,85.70481243,9.425918909,1.13679424,1.913603638,44.94009686,4.179364388,Massachusetts
1187,25,21,2.58,"Norfolk County, Massachusetts",1102,3932.0,1349,160.9,494.7,90039,696023,6.5,22.98774609,"(61494.5, 125635]",40.9,39.6,42.2,52.2,8.7,26.0,,22.6,21.0,28.0,64.5,6.9,83.6,68.4,62.8,26.9,12.1,80.71587170000001,6.262568687000001,9.69608315,1.177221577,52.83939201,4.696647392,Massachusetts
1188,25,23,2.71,"Plymouth County, Massachusetts",1103,3012.0,1037,176.0,517.7,74576,510393,8.5,25.47056876,"(61494.5, 125635]",42.1,40.5,43.4,50.9,11.1,34.5,,12.7,29.0,22.1,62.4,7.9,76.7,61.6,56.7,33.4,17.4,84.85390555,9.01979626,1.271241123,2.385636941,54.00578752,4.3226893660000005,Massachusetts
1189,25,25,2.39,"Suffolk County, Massachusetts",1104,3190.0,1170,178.6,488.6,54280,778121,21.5,2389.088586,"(51046.4, 54545.6]",32.2,31.6,32.8,30.4,8.0,21.2,,18.9,23.6,23.2,62.5,8.7,64.8,53.3,46.7,37.9,26.3,55.53807455,22.39316712,8.616993381,7.4039522,28.06061913,4.178438278,Massachusetts
1190,25,27,2.6,"Worcester County, Massachusetts",1105,4132.0,1539,171.5,470.3,65217,818963,11.5,69.60021393,"(61494.5, 125635]",39.8,38.4,41.0,48.3,10.9,32.7,,13.8,28.9,21.3,61.8,7.8,74.7,60.9,56.0,34.3,19.4,84.97536794,4.6413091060000005,4.469408769,3.03094576,49.56736261,4.642829838,Massachusetts
1191,24,1,2.33,"Allegany County, Maryland",871,517.0,183,172.2,519.3,39808,72528,18.5,261.9677917,"(37413.8, 40362.7]",41.5,39.0,44.1,44.2,9.2,30.0,,4.7,42.0,9.2,48.0,10.0,66.4,47.2,43.5,43.6,22.9,88.59399856,8.0191437,0.864729636,0.282804661,45.91512498,4.613602728,Maryland
1192,24,3,2.66,"Anne Arundel County, Maryland",872,2676.0,977,176.0,468.1,86654,564195,6.7,69.12503656,"(61494.5, 125635]",38.4,36.8,39.7,51.7,11.8,29.1,47.4,11.7,25.0,22.5,64.2,5.9,81.6,63.7,55.0,25.1,10.9,74.72536378,15.87127215,3.57153148,2.151166979,53.20651532,5.291115354,Maryland
1193,24,5,2.56,"Baltimore County, Maryland",873,4499.0,1714,171.0,472.3,67766,831128,9.8,216.5731392,"(61494.5, 125635]",39.1,37.4,40.6,46.2,8.2,29.7,49.3,12.8,27.2,20.9,61.9,6.9,75.2,,52.5,29.7,15.1,63.33377483,27.11581014,5.642929964,1.081220328,45.91882391,5.073719664,Maryland
1194,24,9,2.87,"Calvert County, Maryland",874,406.0,153,175.2,444.5,92446,90595,7.2,0.0,"(61494.5, 125635]",40.6,39.8,41.7,52.7,8.1,38.4,,8.6,31.5,17.4,63.9,7.6,82.1,66.2,58.4,24.3,11.0,81.8696318,12.7072375,1.401558027,0.489380119,57.54132563,3.454078056,Maryland
1195,24,11,2.7,"Caroline County, Maryland",875,174.0,69,185.6,465.1,49573,32579,16.0,0.0,"(48021.6, 51046.4]",40.1,39.0,40.6,50.2,19.6,41.1,33.0,6.3,40.7,9.7,59.6,8.8,61.6,45.8,40.8,41.2,25.0,81.0109917,13.80239429,0.508251431,1.886041456,51.23322148,5.404323459,Maryland
1196,24,13,2.73,"Carroll County, Maryland",876,862.0,326,171.1,456.2,84500,167627,5.9,89.48439094,"(61494.5, 125635]",42.2,41.0,43.1,56.7,6.6,30.1,,12.4,30.6,20.8,65.6,4.6,84.5,69.0,62.0,23.9,9.8,92.69248226,3.253027878,1.688922864,0.458063591,61.33424438,4.31864301,Maryland
1197,24,15,2.73,"Cecil County, Maryland",877,522.0,207,195.5,484.3,62198,102382,10.6,419.9957024,"(61494.5, 125635]",40.1,39.5,40.5,52.5,17.2,34.7,,8.4,37.8,13.9,60.7,7.5,72.9,60.0,54.7,30.4,17.5,88.88289525,6.758532757999999,1.287759906,0.932718713,54.36451753,4.297102051,Maryland
1198,24,17,2.84,"Charles County, Maryland",878,572.0,239,186.7,420.5,86703,156118,7.2,0.0,"(61494.5, 125635]",37.7,36.2,38.9,50.0,11.5,35.7,,10.9,32.2,17.2,64.2,6.3,82.3,66.1,57.3,24.3,11.3,48.40069654,42.24570224,3.26276235,0.955785119,52.66592692,4.693221178,Maryland
1199,24,19,2.41,"Dorchester County, Maryland",879,210.0,84,185.4,481.6,42279,32384,17.5,0.0,"(40362.7, 42724.4]",43.8,42.0,45.1,47.9,21.2,29.0,43.4,6.5,38.3,12.1,58.2,10.4,61.7,44.7,39.9,45.6,27.0,66.86543309,28.02606504,1.008176062,1.914919776,44.47794949,5.456570156000001,Maryland
1200,24,21,2.68,"Frederick County, Maryland",880,1037.0,367,155.6,435.9,83698,245322,6.5,114.1357074,"(61494.5, 125635]",39.1,38.1,40.1,54.7,8.3,29.0,,14.3,25.2,23.2,67.0,5.8,81.6,67.7,60.8,23.2,10.4,81.43951478,9.007635485,4.260625671000001,1.856877116,56.5676769,4.557287265,Maryland
1201,24,23,2.47,"Garrett County, Maryland",881,166.0,64,154.8,417.1,47441,29460,12.4,0.0,"(45201, 48021.6]",44.5,42.8,45.6,56.5,15.8,31.8,,7.8,42.2,10.2,56.1,7.0,62.5,46.7,41.0,41.4,23.2,97.29312716,0.603763459,0.412571697,0.09391876,57.15249094,6.553245117,Maryland
1202,24,25,2.69,"Harford County, Maryland",882,1302.0,450,169.9,485.5,79403,250290,8.0,79.90730752,"(61494.5, 125635]",40.1,38.6,41.3,54.7,9.1,35.9,42.6,12.4,28.1,20.2,64.2,6.4,81.9,64.7,56.0,26.9,11.9,80.04426307,13.33836749,2.795160785,1.182490782,56.59293338,6.156408817999999,Maryland
1203,24,27,2.78,"Howard County, Maryland",883,1186.0,346,131.9,418.1,106871,313414,6.1,165.91473259999998,"(61494.5, 125635]",38.8,37.5,39.7,58.0,10.7,26.8,,21.9,14.2,30.7,,4.9,84.7,70.9,63.1,19.3,8.2,60.10226395,18.13623136,16.24089571,1.62964668,60.23950993,5.158672656,Maryland
1204,24,29,2.39,"Kent County, Maryland",884,140.0,59,180.0,461.7,53288,19787,13.8,0.0,"(51046.4, 54545.6]",46.2,44.2,47.4,47.0,7.8,27.3,59.4,5.5,33.2,16.4,53.2,7.2,68.1,47.6,40.9,42.6,22.0,82.2868042,15.37920996,0.968729609,0.135521759,48.49160546,4.528650647,Maryland
1205,24,31,2.76,"Montgomery County, Maryland",885,4139.0,1292,120.1,392.9,97279,1040116,7.2,184.5947952,"(61494.5, 125635]",38.5,37.0,40.0,53.2,12.7,23.5,44.0,19.9,14.0,26.6,67.1,6.1,77.0,64.7,56.4,23.0,11.5,55.62676166,17.6079398,14.56193834,7.859929519,53.70241078,5.281994667,Maryland
1206,24,33,2.86,"Prince George's County, Maryland",886,3222.0,1302,172.7,401.9,71904,909535,10.3,21.98925825,"(61494.5, 125635]",35.8,34.0,37.7,38.5,12.6,28.9,,9.6,26.1,18.1,65.5,8.7,68.6,56.1,50.6,27.3,16.3,20.39233168,63.44722765,4.270084766,8.909674557999999,39.11619384,5.044283329,Maryland
1207,24,35,2.75,"Queen Anne's County, Maryland",887,254.0,100,173.8,429.6,80650,48904,7.5,0.0,"(61494.5, 125635]",43.5,42.7,44.1,57.4,13.6,34.7,40.8,10.9,29.9,21.6,65.0,5.3,80.3,64.2,55.6,28.8,13.5,89.60699588,7.407407407000001,0.87037037,0.450617284,62.34448122,5.627462015,Maryland
1208,24,37,2.79,"St. Mary's County, Maryland",888,433.0,180,181.5,423.2,84686,111413,8.6,17.95122652,"(61494.5, 125635]",36.3,35.9,36.8,53.9,12.5,28.6,49.4,9.5,30.6,17.6,63.4,4.8,80.2,63.1,53.2,25.2,12.3,79.12401701,14.25365373,2.681226851,0.582954732,57.53732709,5.419453329,Maryland
1209,24,39,2.26,"Somerset County, Maryland",889,151.0,64,216.5,511.9,38376,25768,25.5,0.0,"(37413.8, 40362.7]",37.0,36.2,38.6,32.3,12.6,24.6,,1.2,43.2,9.1,,8.2,56.2,41.6,37.3,46.8,30.8,52.74441878,41.78598922,1.058506543,1.4549653580000002,37.85330948,5.312389693,Maryland
1210,24,41,2.3,"Talbot County, Maryland",890,280.0,111,161.9,454.6,54836,37512,11.7,213.2650885,"(54545.6, 61494.5]",49.0,48.2,49.6,54.0,16.1,39.3,28.7,15.9,27.9,18.2,55.8,6.7,72.1,48.2,38.4,40.1,16.2,82.23233419,11.88655785,1.481520675,0.703722321,50.68079601,3.328451604,Maryland
1211,24,43,2.5,"Washington County, Maryland",891,782.0,320,181.0,457.0,54606,149585,13.8,73.53678511,"(54545.6, 61494.5]",40.4,39.1,41.9,49.4,18.0,33.7,,8.5,38.1,12.3,56.5,8.5,68.9,53.5,48.7,36.3,20.5,83.71072553,10.27333021,1.669458029,0.653178804,49.83858598,5.93936457,Maryland
1212,24,45,2.62,"Wicomico County, Maryland",892,564.0,221,204.3,532.1,51927,102370,16.9,224.6751978,"(51046.4, 54545.6]",35.5,34.4,36.7,44.7,8.6,26.1,,10.1,31.9,16.3,59.0,8.8,66.7,53.1,46.6,35.2,21.3,68.69403649,24.14362238,3.04797296,1.019944259,47.13293141,5.35618844,Maryland
1213,24,47,2.45,"Worcester County, Maryland",893,413.0,164,186.8,499.8,55691,51540,11.9,0.0,"(54545.6, 61494.5]",49.1,47.0,50.2,50.7,13.7,43.7,,10.2,31.6,18.8,53.1,9.9,67.4,45.4,38.5,43.6,21.1,82.55206817,14.15011937,1.500417322,0.2173955239999999,50.84003273,5.625635808999999,Maryland
1214,24,510,2.47,"Baltimore city, Maryland",894,3144.0,1419,226.0,497.2,41895,621849,23.3,886.0671964,"(40362.7, 42724.4]",34.6,33.3,35.9,26.6,17.0,29.1,41.6,12.3,29.8,15.3,53.8,13.1,56.1,43.6,39.0,43.9,29.6,30.31292272,62.83548664,2.568382563,1.670324233,24.02463388,5.449538255,Maryland
1910,34,1,2.64,"Atlantic County, New Jersey",138,1624.0,584,179.5,505.5,54208,274219,15.1,43.76064386,"(51046.4, 54545.6]",40.6,38.9,42.0,45.1,12.3,32.4,45.8,9.4,32.9,17.0,58.0,12.5,66.9,49.9,45.3,33.4,17.7,67.14492185,15.56381093,8.286488292,5.106835745,44.80543715,4.69661296,New Jersey
1911,34,3,2.73,"Bergen County, New Jersey",139,5164.0,1722,147.3,468.1,84309,938506,7.6,330.31221960000005,"(61494.5, 125635]",41.5,40.0,42.9,54.2,10.1,25.0,47.3,17.6,24.3,29.5,61.4,6.5,75.5,64.3,57.8,23.3,11.8,70.42738549,5.833882094,15.62164671,5.6836116720000005,56.4163314,4.077070131,New Jersey
1912,34,5,2.66,"Burlington County, New Jersey",140,2768.0,914,171.6,531.8,80479,450226,7.2,446.4424533,"(61494.5, 125635]",41.0,39.2,42.6,50.8,11.3,34.5,41.1,13.0,29.5,23.3,61.0,8.5,81.4,65.2,58.6,25.7,10.6,72.79982954,16.12030469,4.655137208,2.602118272,53.74561974,4.910516481,New Jersey
1913,34,7,2.71,"Camden County, New Jersey",141,2963.0,1039,182.8,530.9,61685,510923,13.0,972.7493184,"(61494.5, 125635]",38.3,36.6,40.1,44.7,13.1,33.2,,11.6,31.3,19.4,59.6,10.2,68.3,55.7,51.4,31.9,18.6,63.28325501,19.40984144,5.58595932,8.484212829,45.97396038,5.434939237999999,New Jersey
1914,34,9,2.3,"Cape May County, New Jersey",142,847.0,314,193.1,559.1,55409,94727,13.0,179.4630887,"(54545.6, 61494.5]",48.3,46.7,49.9,53.4,14.3,33.2,41.9,10.7,34.1,19.5,53.0,10.0,72.1,50.9,44.8,38.2,16.8,90.84703304,4.732529617,1.151296905,1.61160691,51.14075027,5.43325019,New Jersey
1915,34,11,2.86,"Cumberland County, New Jersey",143,847.0,317,189.6,511.3,45438,155854,19.5,128.32522749999998,"(45201, 48021.6]",36.9,35.6,38.8,39.6,17.6,40.9,,7.5,39.4,10.5,51.0,11.1,59.4,46.5,43.4,38.4,24.0,63.05218582,20.47441653,1.346833508,10.27796351,43.66264295,5.846434788,New Jersey
1916,34,13,2.77,"Essex County, New Jersey",144,3553.0,1272,161.8,450.6,54603,797434,16.7,137.94245039999998,"(54545.6, 61494.5]",36.9,35.4,38.4,39.1,13.7,29.0,,11.1,28.7,19.8,57.7,13.0,59.9,50.2,46.3,31.7,21.1,41.923727500000005,39.89456916,4.912652585,10.20503809,39.00426129,5.084469955,New Jersey
1917,34,15,2.74,"Gloucester County, New Jersey",145,1691.0,602,193.5,544.2,78983,291479,8.2,106.3541456,"(61494.5, 125635]",39.6,38.2,40.8,51.7,10.6,30.4,48.0,10.9,34.3,19.9,61.3,9.2,78.0,64.6,60.1,26.2,12.8,81.98850836,10.11546755,2.995886985,2.231500045,55.37173438,4.878014043,New Jersey
1918,34,17,2.63,"Hudson County, New Jersey",146,2353.0,876,152.6,399.5,57720,674836,17.7,1.481841514,"(54545.6, 61494.5]",34.7,33.8,35.6,41.5,12.8,25.0,,19.1,26.1,23.8,62.7,9.3,56.5,48.8,44.6,29.6,21.3,55.626385600000006,12.74804978,14.6299759,13.56028125,38.47522277,5.344239425,New Jersey
1919,34,19,2.6,"Hunterdon County, New Jersey",147,731.0,210,145.1,496.3,103876,125488,4.7,47.81333673,"(61494.5, 125635]",45.0,43.5,46.1,57.7,16.6,29.8,,15.1,22.7,29.3,64.0,5.9,87.5,73.3,67.5,20.5,7.1,91.06217822,2.581386139,3.628514851,1.268910891,62.07381821,4.22223833,New Jersey
1920,34,21,2.69,"Mercer County, New Jersey",148,1997.0,648,160.3,504.7,73750,371398,11.8,96.93105509,"(61494.5, 125635]",38.4,36.9,39.9,47.2,12.1,25.0,50.9,12.0,25.6,20.7,59.5,9.4,73.1,60.6,55.9,27.4,14.5,62.9261072,20.1471049,10.07800936,4.855326137,49.813092700000006,4.725836381000001,New Jersey
1921,34,23,2.85,"Middlesex County, New Jersey",149,3980.0,1357,156.7,466.7,77330,840900,8.3,89.19015341,"(61494.5, 125635]",37.7,36.6,38.9,51.6,9.0,22.1,54.8,14.1,26.3,24.5,60.4,7.5,74.6,64.2,59.8,23.0,12.1,61.04600747,9.84306877,23.23810671,3.426592798,55.65982883,5.074989438,New Jersey
1922,34,25,2.67,"Monmouth County, New Jersey",150,3887.0,1269,168.6,529.6,87220,628715,8.2,146.3302132,"(61494.5, 125635]",42.3,40.9,43.6,53.2,10.9,26.8,44.8,17.4,25.6,26.1,60.8,7.9,78.8,64.2,58.1,24.2,10.7,82.60289104,7.286251262,5.283819544,2.6062286930000003,55.28066751,4.571872443,New Jersey
1923,34,27,2.72,"Morris County, New Jersey",151,2795.0,884,150.3,488.5,100511,499509,5.0,122.1199218,"(61494.5, 125635]",42.0,40.8,43.3,56.7,12.2,25.9,,20.6,22.5,29.8,64.7,6.3,84.0,,65.8,19.8,7.5,81.55751196,3.206795774,9.716334265,3.356737964,59.86962292,3.635690867,New Jersey
1924,34,29,2.59,"Ocean County, New Jersey",152,4355.0,1607,174.2,524.9,62937,588721,11.9,62.84810632,"(61494.5, 125635]",42.8,40.4,45.1,53.6,13.0,29.3,,12.4,36.1,18.0,53.6,8.8,70.9,51.5,46.3,38.5,19.0,91.84420259,3.09760905,1.872996829,1.492844288,53.40548509,6.13243835,New Jersey
1925,34,31,3.09,"Passaic County, New Jersey",153,2305.0,827,159.1,448.4,58030,510916,18.2,60.67533606,"(54545.6, 61494.5]",36.5,35.1,37.9,44.3,13.1,32.8,,10.3,34.8,17.1,57.8,8.6,55.8,47.2,43.6,35.3,25.0,64.2678703,12.60387648,5.298143719,13.241616,48.72735839,4.533343875,New Jersey
1926,34,33,2.61,"Salem County, New Jersey",154,415.0,164,194.8,516.6,56645,64180,13.1,62.32471175,"(54545.6, 61494.5]",41.8,40.2,42.8,48.7,15.6,36.5,,9.1,38.6,14.3,55.8,10.6,69.1,54.3,50.4,35.2,18.7,80.25184275,14.02487715,0.97972973,2.315724816,49.59953998,5.98109071,New Jersey
1927,34,35,2.81,"Somerset County, New Jersey",155,1673.0,549,153.3,471.0,100194,333654,5.0,329.6828451,"(61494.5, 125635]",40.8,39.6,42.0,56.6,13.5,27.4,,18.7,21.9,29.2,65.0,6.0,82.2,71.1,65.8,19.2,8.6,68.24146108,9.095473739,16.07119091,4.459111203,60.66311488,4.842990108,New Jersey
1928,34,37,2.67,"Sussex County, New Jersey",156,822.0,281,176.4,493.1,82048,143673,6.2,132.2447502,"(61494.5, 125635]",43.4,42.5,44.2,55.9,12.2,28.0,,13.0,31.0,23.2,64.0,8.2,80.9,68.4,63.4,22.2,9.8,93.33721647,2.111971493,1.848831632,1.045706846,59.78569177,4.625184917,New Jersey
1929,34,39,2.91,"Union County, New Jersey",157,2663.0,909,155.6,463.0,68172,555786,11.1,25.18955137,"(61494.5, 125635]",38.1,36.5,39.5,46.5,15.3,29.8,,13.0,29.7,19.7,62.0,9.8,65.9,56.1,51.1,27.5,17.1,57.86687417,21.30720336,4.822467307,13.51850772,49.27138445,5.746896424,New Jersey
1930,34,41,2.52,"Warren County, New Jersey",158,623.0,227,175.1,485.9,71294,106869,8.3,28.0717514,"(61494.5, 125635]",42.6,41.4,43.7,54.5,14.6,27.0,45.2,13.2,34.0,19.7,61.3,9.0,76.9,62.9,58.3,26.3,12.4,89.1518848,4.11560629,2.70829836,2.343647996,54.94516044,4.839230894,New Jersey
1981,36,1,2.35,"Albany County, New York",191,1775.0,637,176.1,505.9,60371,309381,13.5,420.193871,"(54545.6, 61494.5]",37.9,36.4,39.6,40.8,7.2,23.6,51.8,17.4,26.5,20.1,60.7,6.4,77.7,62.2,57.6,30.1,14.2,77.04374185,12.55825904,5.672877712000001,1.315280213,40.08229986,3.774039071,New York
1982,36,3,2.36,"Allegany County, New York",192,282.0,105,177.2,490.7,42655,47462,18.3,0.0,"(40362.7, 42724.4]",38.3,36.8,39.7,47.6,7.2,21.4,,5.7,38.7,9.8,51.8,9.2,67.8,50.6,45.7,38.7,20.2,95.65633451,1.408362804,1.196172249,0.4784689,49.29176921,4.844731809,New York
1983,36,5,2.86,"Bronx County, New York",193,5834.0,2059,162.0,455.3,33687,1455444,31.5,241.1635212,"[22640, 34218.1]",33.2,30.9,35.2,31.0,24.2,26.4,,6.8,27.3,12.3,51.2,14.0,43.1,32.5,29.5,52.0,38.2,20.9939812,33.28145555,3.672541248,37.85902264,27.30922949,5.67890152,New York
1984,36,7,2.37,"Broome County, New York",194,1235.0,442,163.6,494.4,46283,196567,17.2,106.8338022,"(45201, 48021.6]",39.9,37.8,42.0,43.8,9.7,24.4,,11.6,32.2,15.0,54.1,7.8,69.2,52.4,47.5,38.9,21.2,86.90110201,5.433811392000001,4.089493319,0.995492016,43.30106657,4.2987606,New York
1985,36,9,2.41,"Cattaraugus County, New York",195,515.0,171,167.9,517.8,43892,77922,16.2,0.0,"(42724.4, 45201]",41.4,40.6,42.1,48.7,18.3,32.9,,5.5,40.9,10.3,54.3,8.2,67.3,,44.0,39.8,18.7,92.23297282,1.5792406469999998,0.832045794,0.441984752,46.90374585,4.82052462,New York
1986,36,11,2.43,"Cayuga County, New York",196,465.0,163,158.6,470.8,52792,78288,12.7,102.1867975,"(51046.4, 54545.6]",42.5,41.2,44.0,46.8,19.4,27.7,45.6,7.3,34.1,12.5,56.9,7.3,71.0,53.2,48.7,36.2,17.9,92.2839857,4.355020019,0.428176272,0.5885844920000001,45.81880408,5.470136014,New York
1987,36,13,2.36,"Chautauqua County, New York",197,950.0,315,173.2,550.1,41757,130779,19.3,267.6270655,"(40362.7, 42724.4]",41.7,40.2,43.1,47.0,13.8,25.0,,6.5,35.5,11.3,53.6,7.8,66.5,,45.0,41.0,22.4,93.04615292,2.517226302,0.6777437690000001,1.522850293,45.57763418,6.073151537999999,New York
1988,36,15,2.35,"Chemung County, New York",198,559.0,214,183.8,508.2,48880,87071,18.2,195.2429626,"(48021.6, 51046.4]",40.9,39.6,42.3,48.3,14.1,33.7,,8.1,35.6,12.8,53.8,5.4,68.8,52.7,49.9,39.0,21.4,88.45548166,5.901412758999999,1.516988229,0.311554715,45.98629397,5.089635277,New York
1989,36,17,2.49,"Chenango County, New York",199,337.0,121,180.3,512.4,46387,48844,16.7,0.0,"(45201, 48021.6]",43.8,42.6,45.0,50.2,16.6,36.4,41.2,5.8,39.2,9.5,53.6,7.1,66.0,48.8,44.9,40.7,20.8,96.24210378,0.8496639690000001,0.534824114,0.478314396,49.42212718,5.052412881,New York
1990,36,19,2.32,"Clinton County, New York",372,489.0,169,182.1,532.7,51576,81251,16.6,12.30754083,"(51046.4, 54545.6]",39.4,38.2,40.5,46.3,12.0,30.9,,9.2,35.3,11.9,51.9,6.9,72.6,54.2,49.2,37.4,18.2,91.46599743,4.290873477,1.342963824,1.174022158,46.37281334,4.275633043,New York
1991,36,21,2.37,"Columbia County, New York",373,418.0,159,171.5,472.2,55047,61509,11.6,130.0622673,"(54545.6, 61494.5]",46.6,45.8,47.9,49.3,16.9,30.3,,11.6,30.7,14.4,57.7,6.7,73.1,55.1,48.9,36.9,17.5,89.89629391,4.39424391,1.739689686,0.903609615,48.37725381,3.458303859,New York
1992,36,23,2.54,"Cortland County, New York",374,282.0,100,181.4,522.0,48357,48494,13.8,41.24221553,"(48021.6, 51046.4]",36.1,35.7,36.4,42.2,3.5,18.1,71.1,7.2,34.7,13.4,59.6,6.1,75.3,59.5,54.3,31.6,15.4,94.28868544,1.7657973619999998,0.913484085,0.7768692779999999,45.19096738,3.084671073,New York
1993,36,25,2.31,"Delaware County, New York",375,320.0,116,160.7,461.0,45860,46053,14.4,0.0,"(45201, 48021.6]",46.4,45.7,47.0,47.8,8.8,39.2,,5.7,38.7,11.5,50.3,9.5,66.8,,42.6,42.4,20.7,95.08752479,1.967975096,0.646041662,0.545830579,46.37628491,4.154951578,New York
1994,36,27,2.61,"Dutchess County, New York",376,1662.0,569,164.8,486.7,70925,295754,10.2,74.38614524,"(61494.5, 125635]",41.2,40.1,42.4,48.7,10.5,28.3,,10.0,27.0,18.3,,8.7,76.3,59.6,54.7,29.3,13.9,78.50286938,10.13781119,3.868277832,4.102341308,52.60510813,3.807095815,New York
1995,36,29,2.33,"Erie County, New York",377,6146.0,2183,183.3,544.1,50134,922578,15.2,121.3989495,"(48021.6, 51046.4]",40.4,38.4,42.3,44.3,10.5,26.9,,14.9,28.4,17.3,58.6,7.0,71.9,,51.7,36.6,19.7,78.6541433,13.30947586,3.1508793560000004,2.151621556,41.89674177,4.815862717,New York
1996,36,31,2.37,"Essex County, New York",378,255.0,97,164.5,463.7,50182,38478,12.0,25.98887676,"(48021.6, 51046.4]",45.9,44.0,48.1,50.5,17.8,39.2,34.8,8.2,34.5,13.4,53.7,7.9,70.8,49.9,45.8,39.4,17.4,93.04584704,3.068462171,0.560238487,1.477693257,51.22478386,3.244249435,New York
1997,36,33,2.36,"Franklin County, New York",379,274.0,105,180.9,466.4,45704,50660,18.5,0.0,"(45201, 48021.6]",39.8,37.5,43.2,45.0,23.6,33.1,,5.9,36.2,9.0,47.9,8.8,64.6,,43.7,40.5,21.6,82.97971919,5.569422777000001,0.430967239,1.6536661469999998,45.98391477,5.8605919,New York
1998,36,35,2.4,"Fulton County, New York",380,354.0,134,183.4,504.2,45409,53992,17.8,0.0,"(45201, 48021.6]",42.8,41.4,44.4,49.3,24.5,27.8,,5.7,38.5,8.7,54.2,9.3,64.2,46.4,42.9,42.7,22.9,95.19832985,1.5767498080000002,0.629967403,0.7435080390000001,46.51047978,4.80729036,New York
1999,36,37,2.45,"Genesee County, New York",381,388.0,141,181.6,520.5,52410,58937,12.0,0.0,"(51046.4, 54545.6]",42.7,41.4,43.9,52.8,13.1,32.7,42.4,11.8,37.2,12.0,61.0,6.7,73.2,55.4,51.9,34.7,16.6,92.19785395,2.775068115,0.694607959,1.422853106,51.63756371,6.002939584,New York
2000,36,39,2.55,"Greene County, New York",382,338.0,128,187.3,505.7,52597,47625,11.1,0.0,"(51046.4, 54545.6]",45.2,43.4,46.7,48.2,24.8,37.0,,5.9,36.3,12.2,48.3,9.1,70.6,,48.7,37.9,17.9,89.66509356,6.346249379,0.968703428,0.732737208,50.69751616,4.626911005,New York
2001,36,41,3.38,"Hamilton County, New York",383,45.0,17,194.2,526.9,49137,4712,11.4,9762.308998,"(48021.6, 51046.4]",51.9,51.7,52.7,42.7,13.5,42.9,,12.9,32.3,13.8,45.8,9.7,73.1,45.8,42.0,40.6,13.6,95.25210084,0.5042016810000001,0.1050420169999999,0.735294118,54.2877907,4.529616725,New York
2002,36,43,2.4,"Herkimer County, New York",384,404.0,134,150.9,480.7,44148,63100,16.5,15.84786054,"(42724.4, 45201]",42.9,40.9,44.0,50.1,13.3,29.0,,6.4,34.5,13.1,56.0,8.7,65.8,,45.0,40.7,22.5,96.0271106,0.997907362,0.4653777679999999,0.501296186,48.48832759,4.741223308,New York
2003,36,45,2.54,"Jefferson County, New York",385,554.0,196,177.0,500.8,49781,117635,15.1,0.0,"(48021.6, 51046.4]",31.8,30.5,33.6,53.5,8.1,44.2,,5.7,33.5,11.8,48.6,10.6,69.7,52.3,34.5,36.4,19.8,86.39309945,5.525990567000001,1.450225731,1.668810479,52.37213921,7.816390602999999,New York
2004,36,47,2.74,"Kings County, New York",386,11217.0,3824,153.8,452.3,47547,2636735,23.4,42.47677525,"(45201, 48021.6]",34.4,32.8,35.8,40.1,15.5,26.0,,16.5,26.2,20.1,56.9,10.0,51.4,43.3,38.7,43.4,31.8,43.39108351,33.54058304,11.47823782,8.873102839,37.53039861,5.227447022,New York
2005,36,49,2.54,"Lewis County, New York",387,154.0,59,173.6,470.1,47542,26957,14.3,593.5378566,"(45201, 48021.6]",41.4,40.4,42.3,56.0,18.5,35.1,,9.0,45.3,8.7,55.6,8.3,68.3,52.2,45.9,36.1,19.4,96.8035688,0.918006194,0.446099395,0.645185076,56.38106082,5.441478439,New York
2006,36,51,2.42,"Livingston County, New York",388,345.0,133,172.0,462.2,49920,64717,14.7,0.0,"(48021.6, 51046.4]",40.1,39.5,41.0,47.2,6.5,24.2,,8.2,33.7,13.0,55.6,5.4,76.5,59.3,53.9,32.9,15.8,93.28714063,2.44903628,1.359546921,0.729927007,49.85552712,5.026285421,New York
2007,36,53,2.55,"Madison County, New York",389,428.0,150,174.2,505.4,51600,71849,11.8,125.2627037,"(51046.4, 54545.6]",40.8,39.3,41.8,46.7,7.1,25.6,,5.5,33.7,14.8,55.4,5.1,74.1,59.0,54.4,33.5,17.2,94.83617988,2.048959642,0.800806329,0.1794910739999999,51.08794887,3.238819733,New York
2008,36,55,2.41,"Monroe County, New York",390,4243.0,1507,169.5,498.9,51371,749600,14.2,94.7171825,"(51046.4, 54545.6]",38.5,36.5,40.3,44.1,11.8,24.0,51.8,12.5,25.0,20.3,59.7,7.7,73.1,,52.1,34.5,18.5,75.95762228,15.34744501,3.53290025,2.09473201,42.50944076,4.726955479,New York
2009,36,57,2.5,"Montgomery County, New York",391,326.0,115,170.1,511.0,40923,49642,18.9,60.43269812,"(40362.7, 42724.4]",41.0,39.0,42.5,44.5,19.1,28.5,,7.5,36.6,10.1,54.6,8.9,61.4,44.6,41.3,44.7,26.2,88.86076458,2.129412001,0.727214287,5.375760862999999,43.69722094,6.043704855,New York
2010,36,59,3.03,"Nassau County, New York",392,8450.0,2549,145.8,514.3,98312,1361350,6.7,263.7088185,"(61494.5, 125635]",41.3,39.6,43.0,53.2,8.7,24.2,,20.0,24.2,23.7,61.0,6.4,79.6,65.3,59.2,25.3,11.3,70.2302209,11.39219201,8.506642492000001,6.440072877,60.66267248,4.449778611,New York
2011,36,61,2.09,"New York County, New York",393,8072.0,2584,145.2,463.9,75459,1644518,17.7,1258.727481,"(61494.5, 125635]",36.6,36.1,37.1,32.9,10.5,17.9,,32.6,12.6,31.6,62.5,7.5,67.3,57.5,49.9,31.8,19.7,56.42651428,15.02110761,11.65334055,12.38129078,26.66790153,3.548717991,New York
2012,36,63,2.39,"Niagara County, New York",394,1385.0,506,177.1,507.2,49274,212652,13.4,0.0,"(48021.6, 51046.4]",42.6,41.5,43.8,47.1,9.8,29.9,,9.7,35.1,13.6,57.4,7.6,72.9,52.8,49.0,37.1,16.0,87.95050198,7.388746206,1.1552650009999998,0.525799673,45.31301605,4.92078633,New York
2013,36,65,2.43,"Oneida County, New York",395,1470.0,542,173.9,501.5,48350,232500,17.7,38.70967742,"(48021.6, 51046.4]",41.2,39.4,42.9,44.0,13.2,27.4,,10.6,33.4,13.9,54.9,7.4,66.4,49.6,45.8,42.2,23.7,85.98849108,6.021202442000001,3.61666053,1.564065457,43.49984589,5.551134489,New York
2014,36,67,2.43,"Onondaga County, New York",396,2820.0,1011,180.4,525.9,52892,468463,16.1,347.9463693,"(51046.4, 54545.6]",38.8,37.1,40.4,44.6,10.9,22.0,,13.4,26.2,19.0,58.5,7.2,73.1,55.7,51.8,34.4,17.7,80.38026581,11.063967,3.5564505110000004,1.059354607,43.36469148,4.874120242,New York
2015,36,69,2.38,"Ontario County, New York",397,657.0,228,162.9,484.6,58473,109561,11.5,100.40069,"(54545.6, 61494.5]",43.1,42.2,44.2,50.8,9.2,26.2,,9.1,28.3,17.2,60.0,6.4,75.4,58.1,53.5,33.3,15.5,93.36398271,2.50659389,1.199721591,0.970767089,49.43957335,5.349606951,New York
2016,36,71,2.9,"Orange County, New York",398,1860.0,628,173.6,503.5,69228,377647,13.4,66.19938726,"(61494.5, 125635]",36.8,34.9,38.6,49.9,13.2,31.5,,9.1,29.3,17.2,59.5,7.3,71.9,,54.5,31.1,17.9,75.09536901,10.05636894,2.59574196,8.511018051,54.25001996,5.163242125,New York
2017,36,73,2.43,"Orleans County, New York",399,252.0,95,184.2,495.9,46577,41582,15.5,0.0,"(45201, 48021.6]",42.2,41.0,43.3,48.4,23.3,38.5,,6.2,39.8,9.6,49.9,9.0,67.8,47.9,44.2,41.4,20.5,89.5081035,6.053928537999999,0.566297033,1.424035636,48.97602398,4.445372013,New York
2018,36,75,2.57,"Oswego County, New York",2083,690.0,257,194.4,520.6,46926,120146,19.6,58.26244736,"(45201, 48021.6]",39.2,38.6,39.8,46.8,10.3,26.2,,5.8,39.9,10.3,53.4,9.7,64.8,,45.8,40.9,24.4,95.61489648,0.909368476,0.6370530520000001,0.925872441,48.22958057,4.859510954,New York
2019,36,77,2.36,"Otsego County, New York",2084,378.0,143,173.8,478.7,43104,60636,18.9,362.8207665,"(42724.4, 45201]",41.6,41.0,42.2,46.1,7.8,24.2,,5.7,34.5,14.2,54.3,7.1,71.5,54.3,47.9,36.3,18.6,94.03084741,1.918598023,1.247577322,0.786657763,48.46420714,4.59877366,New York
2020,36,79,2.84,"Putnam County, New York",2085,570.0,170,157.1,511.8,94334,99042,6.3,30.29017992,"(61494.5, 125635]",42.8,41.6,44.0,57.4,8.0,24.7,,20.6,27.3,21.8,63.9,6.8,81.9,68.1,62.9,22.5,8.8,90.12443712,2.296759408,2.329929238,2.52191219,63.06541508,4.066933111,New York
2021,36,81,2.91,"Queens County, New York",2086,10502.0,3405,138.8,435.2,56866,2339150,15.4,16.672723,"(54545.6, 61494.5]",37.7,36.2,39.2,45.3,13.6,23.5,,15.1,27.3,19.3,58.7,8.6,54.5,45.5,40.9,37.4,26.5,41.14631928,18.47910969,24.38479379,12.1518083,44.72000041,4.84491139,New York
2022,36,83,2.43,"Rensselaer County, New York",2087,980.0,352,188.4,536.3,59925,160266,13.0,81.11514607,"(54545.6, 61494.5]",39.8,37.8,41.4,45.9,7.6,29.1,,13.5,29.0,16.2,61.3,7.6,76.4,60.4,56.3,31.9,15.9,87.26641651,6.112570356,2.335209506,0.696685428,45.44265292,4.18906927,New York
2023,36,85,2.81,"Richmond County, New York",2088,2648.0,832,161.7,514.4,70299,474558,14.5,44.25170369,"(61494.5, 125635]",39.3,37.6,40.9,51.2,10.4,26.3,,15.6,32.0,18.4,55.2,6.9,70.3,59.8,55.9,31.6,20.2,75.33128316,10.53037053,8.027201094,3.674856767,54.52999083,4.5170341380000005,New York
2024,36,87,3.17,"Rockland County, New York",2089,1715.0,501,142.9,502.0,83162,326037,14.7,30.67136552,"(61494.5, 125635]",36.3,34.2,38.5,53.1,15.3,27.9,,14.9,23.0,22.2,60.4,7.9,66.6,,48.8,36.0,22.4,70.82865589,12.46258045,6.217881555,7.894277304,60.5823533,6.943122405,New York
2025,36,89,2.42,"St. Lawrence County, New York",2090,632.0,235,183.7,498.7,43518,111007,18.9,9.008440909,"(42724.4, 45201]",37.8,35.8,39.6,44.3,11.5,23.1,,7.0,36.1,11.0,48.9,10.0,66.9,49.5,44.3,37.8,20.5,93.11764023,2.222103186,1.004365643,0.814205748,46.34128688,5.011933174,New York
2026,36,91,2.44,"Saratoga County, New York",2091,1299.0,446,174.2,508.7,71885,226249,7.2,26.51945423,"(61494.5, 125635]",41.8,40.9,42.9,54.0,11.9,26.0,,13.5,25.9,23.0,62.8,6.0,82.6,66.0,60.9,27.1,11.2,93.84021379,1.6114472640000002,2.372929831,0.393253908,52.77076545,4.520913789,New York
2027,36,93,2.65,"Schenectady County, New York",2092,890.0,343,175.7,482.8,56508,154604,13.2,19.40441386,"(54545.6, 61494.5]",39.9,38.4,41.6,44.8,14.5,27.1,,9.9,30.0,16.4,,7.4,71.5,56.2,51.0,35.1,19.1,78.42838316,10.18372568,4.272074214,3.317915192,45.67653277,5.183987725,New York
2028,36,95,2.46,"Schoharie County, New York",2093,193.0,73,172.8,468.2,48718,31330,15.9,31.91828918,"(48021.6, 51046.4]",43.3,42.7,44.2,48.6,9.1,33.8,,7.1,38.5,11.2,53.0,10.5,71.1,52.5,48.0,38.4,18.6,95.9796948,1.4163507030000002,0.764578698,0.394823426,49.62527198,3.499365035,New York
2029,36,97,2.35,"Schuyler County, New York",2094,125.0,47,184.2,510.4,48135,18186,15.4,0.0,"(48021.6, 51046.4]",45.5,43.4,47.3,49.1,19.7,42.7,,9.0,38.9,10.1,53.2,6.4,64.5,49.4,44.5,39.7,21.8,96.64856056,1.118957089,0.488864747,0.092341119,47.72313297,4.7408179210000005,New York
2030,36,99,2.37,"Seneca County, New York",2095,216.0,73,162.7,494.3,49809,34833,14.2,0.0,"(48021.6, 51046.4]",42.3,40.4,44.2,47.4,26.9,31.0,33.5,8.7,34.6,11.9,53.5,5.5,70.1,52.2,47.1,35.9,16.3,92.07261552,4.484407011,0.7227407240000001,0.264625541,47.30477103,7.177836855,New York
2031,36,101,2.36,"Steuben County, New York",2096,581.0,230,178.7,467.1,46849,97631,16.6,0.0,"(45201, 48021.6]",42.0,41.5,42.7,50.5,17.2,38.3,,7.0,37.6,11.1,54.6,8.2,66.4,49.1,45.4,39.9,20.7,94.97896924,1.56691836,1.5294177269999998,0.334465109,46.99936675,6.856742229,New York
2032,36,103,2.98,"Suffolk County, New York",2097,8895.0,2817,163.8,528.0,85886,1501587,7.7,181.8076475,"(61494.5, 125635]",40.6,39.1,42.0,51.4,10.8,28.5,45.4,15.3,29.3,18.7,61.0,6.4,77.9,61.7,55.7,26.2,12.0,80.94863835,7.662319757000001,3.781605237,4.950535277,57.61862432,4.419518742,New York
2033,36,105,2.54,"Sullivan County, New York",2098,451.0,170,178.8,474.3,48908,74877,16.3,0.0,"(48021.6, 51046.4]",42.2,41.5,42.9,45.5,20.3,29.3,42.1,8.4,34.0,12.3,52.2,11.5,62.2,,42.2,41.4,23.7,81.23411503,8.594261758,1.635005895,4.521158129,45.25418955,5.516819572,New York
2034,36,107,2.5,"Tioga County, New York",2099,324.0,106,160.5,503.6,52195,49453,11.4,0.0,"(51046.4, 54545.6]",43.6,41.7,44.8,55.2,13.9,37.7,,9.5,35.9,14.5,59.1,6.9,74.2,57.2,53.3,33.9,16.5,96.81666965,0.7510109759999999,0.549811749,0.233072372,54.53401771,6.184505988,New York
2035,36,109,2.35,"Tompkins County, New York",2100,449.0,154,159.5,479.8,51880,104926,18.7,57.18315765,"(51046.4, 54545.6]",30.2,28.5,31.8,37.3,3.1,13.0,,14.6,19.8,22.2,54.9,5.9,79.9,67.1,51.0,24.9,13.1,81.26041115,4.154831255,10.04573684,0.876221655,41.07124285,4.367123465,New York
2036,36,111,2.44,"Ulster County, New York",2101,1080.0,398,170.8,477.4,56718,180143,13.7,22.20458192,"(54545.6, 61494.5]",43.1,42.1,44.3,46.9,10.6,30.1,,10.5,30.2,16.5,56.4,9.3,70.0,,48.5,34.7,17.8,86.63872035,5.863761721,1.879757308,1.701047987,46.72683306,4.324719649,New York
2037,36,113,2.4,"Warren County, New York",2102,455.0,166,177.9,511.3,54585,64688,13.3,633.8115261,"(54545.6, 61494.5]",45.2,44.0,46.4,48.4,12.5,33.8,,7.1,33.3,15.0,58.6,6.6,72.6,,49.6,36.5,16.8,96.17367291,1.213562442,0.918993556,0.273089905,47.70792892,3.57092349,New York
2038,36,115,2.45,"Washington County, New York",2103,418.0,159,198.4,534.1,47547,62230,14.6,0.0,"(45201, 48021.6]",42.9,41.7,44.4,49.1,21.2,38.0,34.0,6.8,41.6,11.7,55.5,9.5,68.5,50.0,45.2,39.3,19.7,94.01754386,3.2312599680000003,0.473684211,0.622009569,50.60032182,4.671621417,New York
2039,36,117,2.48,"Wayne County, New York",2104,564.0,198,175.5,506.7,49191,91446,12.9,0.0,"(48021.6, 51046.4]",43.1,42.4,43.7,52.7,17.9,33.3,41.0,7.7,37.0,12.3,58.1,7.5,71.0,55.6,51.4,34.7,18.1,93.14729051,3.423649584,0.634089335,0.83968144,51.17885733,5.106970324,New York
2040,36,119,2.75,"Westchester County, New York",2105,5438.0,1716,145.3,486.7,83152,976396,10.4,283.6963691,"(61494.5, 125635]",40.3,38.6,41.9,50.2,11.9,26.6,,17.3,20.3,23.7,60.4,7.6,73.6,60.3,54.8,28.0,14.8,66.58389459,14.42136222,5.6898735160000005,9.880649013,51.96451241,4.871361927,New York
2041,36,121,2.38,"Wyoming County, New York",2106,281.0,87,181.1,577.4,53783,41013,12.3,0.0,"(51046.4, 54545.6]",41.1,39.8,43.2,50.9,17.0,33.5,,6.1,40.8,9.7,54.1,7.4,74.0,56.8,52.2,34.2,16.1,91.77725233,5.723109588,0.422236163,0.504270617,51.85279027,4.815216083,New York
2042,36,123,2.46,"Yates County, New York",2107,159.0,60,178.4,495.3,48368,25048,14.5,0.0,"(48021.6, 51046.4]",41.5,40.6,42.3,52.8,19.7,32.1,,7.4,34.5,12.2,57.2,6.9,59.6,43.3,37.1,35.1,17.2,97.16917457,1.0322785559999998,0.535990789,0.198515107,53.77892031,6.10380117,New York
2389,44,1,2.38,"Bristol County, Rhode Island",1763,306.0,104,142.2,473.2,68246,49084,8.0,0.0,"(61494.5, 125635]",43.9,41.9,45.5,52.4,4.9,23.7,,11.7,22.4,23.9,60.7,6.8,80.8,,55.4,27.0,11.1,95.29648609,1.26484464,1.6390109,0.248088498,54.26127527,4.448655477,Rhode Island
2390,44,3,2.38,"Kent County, Rhode Island",1764,1034.0,410,184.1,491.8,61923,164801,9.3,42.47547042,"(61494.5, 125635]",43.5,41.4,45.2,49.7,11.1,29.7,,15.0,28.6,19.4,63.2,8.2,78.3,,57.8,29.9,12.6,92.54476897,1.399144025,2.407279429,1.439760424,47.69150052,5.275186191,Rhode Island
2391,44,5,2.27,"Newport County, Rhode Island",1765,518.0,193,164.0,469.0,69203,82423,9.5,72.79521493,"(61494.5, 125635]",43.9,42.0,45.6,49.7,10.0,28.1,,17.1,23.1,26.4,59.2,6.9,79.0,59.3,48.7,30.1,11.0,89.60478086,3.51668824,1.739593288,1.512163846,46.93813131,2.872784433,Rhode Island
2392,44,7,2.53,"Providence County, Rhode Island",1766,3257.0,1254,173.6,473.3,47278,633473,18.3,336.24163930000003,"(45201, 48021.6]",37.1,35.4,38.7,40.8,12.3,27.7,,11.7,28.8,16.2,58.8,9.5,63.9,51.4,45.9,35.7,21.3,73.46790196,9.604272443,4.081788031,8.934601616,39.9972302,4.931882987,Rhode Island
2393,44,9,2.42,"Washington County, Rhode Island",1767,765.0,265,162.2,492.3,70705,126517,10.4,23.7122284,"(61494.5, 125635]",519.6,42.0,44.5,51.1,6.2,28.5,,12.9,23.3,25.8,61.1,6.4,81.7,65.0,57.3,27.3,11.2,93.41481745,1.467505241,1.791068391,0.7982279179999999,52.94568639,3.127101547,Rhode Island
